pokemon_id,move_id,level
1,80,0
1,113,0
1,124,0
1,130,0
1,133,0
1,174,0
1,204,0
1,219,0
1,267,0
1,275,0
1,345,0
1,437,0
1,438,0
1,33,1
1,45,3
1,73,7
1,22,9
1,77,13
1,79,13
1,36,15
1,75,19
1,230,21
1,74,25
1,38,27
1,388,31
1,235,33
1,402,37
2,33,1
2,45,1
2,73,1
2,45,3
2,73,7
2,22,9
2,77,13
2,79,13
2,36,15
2,75,20
2,230,23
2,74,28
2,38,31
2,388,36
2,235,39
2,76,44
3,22,1
3,33,1
3,45,1
3,73,1
3,45,3
3,73,7
3,22,9
3,77,13
3,79,13
3,36,15
3,75,20
3,230,23
3,74,28
3,38,31
3,80,32
3,388,39
3,235,45
3,76,53
4,14,0
4,44,0
4,68,0
4,157,0
4,187,0
4,200,0
4,232,0
4,242,0
4,246,0
4,349,0
4,372,0
4,394,0
4,407,0
4,10,1
4,45,1
4,52,7
4,108,10
4,82,16
4,184,19
4,424,25
4,163,28
4,53,34
4,83,37
5,10,1
5,45,1
5,52,1
5,52,7
5,108,10
5,82,17
5,184,21
5,424,28
5,163,32
5,53,39
5,83,43
6,10,1
6,45,1
6,52,1
6,108,1
6,337,1
6,403,1
6,421,1
6,52,7
6,108,10
6,82,17
6,184,21
6,424,28
6,163,32
6,17,36
6,53,42
6,83,49
6,257,59
6,394,66
7,54,0
7,114,0
7,175,0
7,193,0
7,243,0
7,252,0
7,281,0
7,287,0
7,300,0
7,323,0
7,330,0
7,392,0
7,453,0
7,33,1
7,39,4
7,145,7
7,110,10
7,55,13
7,44,16
7,229,19
7,182,22
7,352,25
7,401,28
7,130,31
7,334,34
7,240,37
7,56,40
8,33,1
8,39,1
8,145,1
8,39,4
8,145,7
8,110,10
8,55,13
8,44,16
8,229,20
8,182,24
8,352,28
8,401,32
8,130,36
8,334,40
8,240,44
8,56,48
9,33,1
9,39,1
9,110,1
9,145,1
9,430,1
9,39,4
9,145,7
9,110,10
9,55,13
9,44,16
9,229,20
9,182,24
9,352,28
9,401,32
9,130,39
9,334,46
9,240,53
9,56,60
10,33,1
10,81,1
10,450,15
11,106,1
11,106,7
12,93,1
12,93,10
12,77,12
12,78,12
12,79,12
12,16,16
12,48,18
12,16,22
12,60,24
12,318,28
12,366,30
12,219,34
12,445,36
12,405,40
13,40,1
13,81,1
13,450,15
14,106,1
14,106,7
15,31,1
15,31,10
15,116,13
15,41,16
15,99,19
15,228,22
15,390,25
15,42,28
15,97,31
15,372,34
15,398,37
15,283,40
16,185,0
16,193,0
16,211,0
16,228,0
16,253,0
16,314,0
16,403,0
16,413,0
16,33,1
16,28,5
16,16,9
16,98,13
16,16,17
16,239,21
16,297,25
16,97,29
16,17,33
16,355,37
16,366,41
16,403,49
17,16,1
17,28,1
17,33,1
17,28,5
17,16,9
17,98,13
17,16,17
17,239,22
17,297,27
17,97,32
17,17,37
17,355,42
17,366,47
17,403,57
18,16,1
18,28,1
18,33,1
18,98,1
18,28,5
18,16,9
18,98,13
18,16,17
18,239,22
18,297,27
18,97,32
18,17,38
18,355,44
18,366,50
18,403,62
19,44,0
19,68,0
19,103,0
19,154,0
19,172,0
19,179,0
19,207,0
19,253,0
19,382,0
19,387,0
19,33,1
19,39,1
19,98,4
19,116,7
19,44,10
19,228,13
19,158,16
19,389,19
19,242,22
19,372,25
19,162,28
19,38,31
19,283,34
20,14,1
20,33,1
20,39,1
20,98,1
20,116,1
20,98,4
20,116,7
20,44,10
20,228,13
20,158,16
20,389,19
20,184,20
20,242,24
20,372,29
20,162,34
20,38,39
20,283,44
21,98,0
21,143,0
21,161,0
21,184,0
21,185,0
21,206,0
21,253,0
21,297,0
21,310,0
21,45,1
21,64,1
21,43,5
21,31,9
21,228,13
21,332,17
21,97,25
21,372,29
21,355,33
21,65,37
22,31,1
22,43,1
22,45,1
22,64,1
22,43,5
22,31,9
22,228,13
22,332,17
22,97,29
22,372,35
22,355,41
22,65,47
23,21,0
23,50,0
23,184,0
23,228,0
23,305,0
23,342,0
23,372,0
23,35,1
23,43,1
23,40,4
23,44,9
23,137,12
23,103,17
23,51,20
23,426,28
23,380,33
23,114,36
23,441,41
24,35,1
24,40,1
24,43,1
24,44,1
24,422,1
24,423,1
24,424,1
24,40,4
24,44,9
24,137,12
24,103,17
24,51,20
24,242,22
24,426,34
24,380,42
24,114,48
24,441,56
25,45,1
25,84,1
25,39,5
25,86,10
25,98,13
25,104,18
25,21,21
25,85,26
25,364,29
25,97,34
25,435,37
25,113,42
25,87,45
26,39,1
26,84,1
26,85,1
26,98,1
27,14,0
27,68,0
27,157,0
27,175,0
27,219,0
27,229,0
27,232,0
27,306,0
27,341,0
27,400,0
27,10,1
27,111,3
27,28,7
27,40,9
27,229,13
27,129,15
27,154,19
27,205,21
27,210,25
27,328,27
27,163,31
27,360,33
27,201,37
28,10,1
28,28,1
28,111,1
28,111,3
28,28,7
28,40,9
28,229,13
28,129,15
28,154,19
28,205,21
28,306,22
28,210,28
28,328,33
28,163,40
28,360,45
28,201,52
29,36,0
29,48,0
29,50,0
29,68,0
29,116,0
29,130,0
29,204,0
29,228,0
29,372,0
29,10,1
29,45,1
29,39,7
29,24,9
29,40,13
29,154,19
29,44,21
29,390,31
29,260,33
29,242,37
29,445,43
29,305,45
30,10,1
30,45,1
30,39,7
30,24,9
30,40,13
30,154,20
30,44,23
30,390,35
30,260,38
30,242,43
30,445,50
30,305,58
31,10,1
31,24,1
31,39,1
31,40,1
31,34,23
31,414,43
31,276,58
32,36,0
32,48,0
32,50,0
32,68,0
32,93,0
32,133,0
32,372,0
32,389,0
32,457,0
32,43,1
32,64,1
32,116,7
32,24,9
32,40,13
32,31,19
32,30,21
32,390,31
32,260,33
32,398,37
32,445,43
32,32,45
33,43,1
33,64,1
33,116,7
33,24,9
33,40,13
33,31,20
33,30,23
33,390,35
33,260,38
33,398,43
33,445,50
33,32,58
34,24,1
34,40,1
34,64,1
34,116,1
34,37,23
34,414,43
34,224,58
35,1,1
35,45,1
35,227,4
35,47,7
35,3,10
35,111,13
35,204,16
35,107,19
35,358,22
35,322,25
35,381,28
35,118,31
35,356,34
35,236,37
35,113,40
35,309,43
35,361,46
36,3,1
36,47,1
36,107,1
36,118,1
37,50,0
37,95,0
37,175,0
37,185,0
37,244,0
37,257,0
37,326,0
37,336,0
37,384,0
37,394,0
37,412,0
37,52,1
37,39,4
37,336,7
37,98,11
37,261,14
37,109,17
37,53,24
37,219,27
37,371,31
37,83,34
37,445,37
37,326,44
37,126,47
38,52,1
38,98,1
38,109,1
38,219,1
38,417,1
39,47,1
39,111,5
39,1,9
39,50,13
39,205,17
39,3,21
39,156,25
39,34,29
39,360,33
39,358,37
39,102,41
39,304,45
39,38,49
40,3,1
40,47,1
40,50,1
40,111,1
41,16,0
41,95,0
41,98,0
41,174,0
41,185,0
41,228,0
41,413,0
41,417,0
41,428,0
41,141,1
41,48,5
41,310,9
41,44,13
41,17,17
41,109,21
41,314,25
41,212,29
41,305,33
41,114,37
41,403,41
42,48,1
42,103,1
42,141,1
42,310,1
42,48,5
42,310,9
42,44,13
42,17,17
42,109,21
42,314,27
42,212,33
42,305,39
42,114,45
42,403,51
43,14,0
43,75,0
43,175,0
43,204,0
43,235,0
43,275,0
43,298,0
43,321,0
43,71,1
43,230,5
43,51,9
43,77,13
43,78,15
43,79,17
43,72,21
43,381,25
43,236,33
43,202,37
43,80,41
44,51,1
44,71,1
44,230,1
44,230,5
44,51,9
44,77,13
44,78,15
44,79,17
44,72,23
44,381,29
44,236,41
44,202,47
44,80,53
45,72,1
45,77,1
45,78,1
45,312,1
45,80,53
45,76,65
46,60,0
46,68,0
46,97,0
46,103,0
46,113,0
46,175,0
46,206,0
46,228,0
46,230,0
46,232,0
46,440,0
46,450,0
46,10,1
46,77,6
46,78,6
46,141,11
46,147,17
46,163,22
46,74,27
46,202,33
46,312,38
46,404,43
47,10,1
47,77,1
47,78,1
47,141,1
47,440,1
47,77,6
47,78,6
47,141,11
47,147,17
47,163,22
47,74,30
47,202,39
47,312,47
47,404,55
48,97,0
48,103,0
48,202,0
48,226,0
48,234,0
48,324,0
48,390,0
48,450,0
48,33,1
48,50,1
48,193,1
48,48,5
48,93,11
48,77,13
48,141,17
48,78,23
48,60,25
48,79,29
48,324,35
48,428,37
48,305,41
48,94,47
49,33,1
49,48,1
49,50,1
49,193,1
49,318,1
49,48,5
49,93,11
49,77,13
49,141,17
49,78,23
49,60,25
49,79,29
49,16,31
49,324,37
49,428,41
49,305,47
49,94,55
49,405,59
50,103,0
50,157,0
50,179,0
50,185,0
50,228,0
50,246,0
50,253,0
50,310,0
50,372,0
50,426,0
50,10,1
50,28,1
50,45,4
50,310,7
50,222,12
50,189,15
50,91,18
50,389,23
50,414,26
50,426,29
50,163,34
50,89,37
50,90,40
51,10,1
51,28,1
51,45,1
51,161,1
51,400,1
51,45,4
51,310,7
51,222,12
51,189,15
51,91,18
51,389,23
51,328,26
51,414,28
51,426,33
51,163,40
51,89,45
51,90,50
52,39,0
52,95,0
52,133,0
52,175,0
52,204,0
52,244,0
52,316,0
52,386,0
52,387,0
52,10,1
52,45,1
52,44,6
52,252,9
52,154,14
52,103,17
52,185,22
52,269,25
52,6,30
52,163,33
52,417,38
52,372,41
52,445,46
52,400,49
52,364,54
53,10,1
53,44,1
53,45,1
53,252,1
53,44,6
53,252,9
53,154,14
53,103,17
53,185,22
53,269,25
53,408,32
53,163,37
53,417,44
53,372,49
53,445,56
53,400,61
53,364,68
54,60,0
54,94,0
54,95,0
54,109,0
54,113,0
54,193,0
54,227,0
54,238,0
54,248,0
54,281,0
54,287,0
54,426,0
54,10,1
54,346,1
54,39,5
54,55,9
54,50,14
54,93,18
54,352,22
54,154,27
54,103,31
54,244,35
54,428,40
54,133,44
54,56,48
55,10,1
55,39,1
55,55,1
55,346,1
55,453,1
55,39,5
55,55,9
55,50,14
55,93,18
55,352,22
55,154,27
55,103,31
55,244,37
55,428,44
55,133,50
55,56,56
56,68,0
56,96,0
56,157,0
56,179,0
56,193,0
56,227,0
56,265,0
56,279,0
56,370,0
56,372,0
56,10,1
56,43,1
56,67,1
56,116,1
56,154,9
56,2,13
56,69,17
56,103,21
56,372,25
56,207,33
56,238,37
56,37,41
56,386,45
56,370,49
57,10,1
57,43,1
57,67,1
57,116,1
57,371,1
57,154,9
57,2,13
57,69,17
57,103,21
57,372,25
57,99,28
57,207,35
57,238,41
57,37,47
57,386,53
57,370,59
58,34,0
58,37,0
58,38,0
58,83,0
58,219,0
58,234,0
58,242,0
58,257,0
58,336,0
58,394,0
58,44,1
58,336,1
58,52,6
58,43,9
58,316,14
58,172,20
58,179,25
58,424,28
58,36,31
58,53,34
58,97,39
58,242,42
58,257,45
58,394,48
59,44,1
59,316,1
59,336,1
59,422,1
59,424,1
59,245,39
60,54,0
60,61,0
60,114,0
60,150,0
60,170,0
60,227,0
60,283,0
60,287,0
60,301,0
60,341,0
60,346,0
60,346,1
60,145,5
60,95,8
60,55,11
60,3,15
60,240,18
60,34,21
60,61,25
60,341,28
60,187,31
60,358,35
60,56,38
60,426,41
61,95,1
61,145,1
61,346,1
61,145,5
61,95,8
61,55,11
61,3,15
61,240,18
61,34,21
61,61,27
61,341,32
61,187,37
61,358,43
61,56,48
61,426,53
62,3,1
62,61,1
62,66,1
62,95,1
62,223,43
62,170,53
63,7,0
63,8,0
63,9,0
63,112,0
63,227,0
63,282,0
63,379,0
63,385,0
63,100,1
64,93,1
64,100,1
64,134,1
64,93,16
64,50,18
64,357,22
64,60,24
64,115,28
64,105,30
64,427,34
64,94,40
64,248,42
65,93,1
65,100,1
65,134,1
65,93,16
65,50,18
65,357,22
65,60,24
65,115,28
65,105,30
65,427,34
65,347,36
65,94,40
65,248,42
66,7,0
66,8,0
66,9,0
66,27,0
66,68,0
66,96,0
66,113,0
66,157,0
66,227,0
66,265,0
66,370,0
66,379,0
66,418,0
66,43,1
66,67,1
66,116,7
66,2,10
66,193,13
66,69,19
66,279,22
66,233,25
66,66,31
66,358,34
66,238,37
66,184,43
66,223,46
67,43,1
67,67,1
67,116,1
67,116,7
67,2,10
67,193,13
67,69,19
67,279,22
67,233,25
67,66,32
67,358,36
67,238,40
67,184,44
67,223,51
68,43,1
68,67,1
68,116,1
68,116,7
68,2,10
68,193,13
68,69,19
68,279,22
68,233,25
68,66,32
68,358,36
68,238,40
68,184,44
68,223,51
69,14,0
69,115,0
69,141,0
69,227,0
69,235,0
69,275,0
69,311,0
69,321,0
69,345,0
69,388,0
69,22,1
69,74,7
69,35,11
69,79,13
69,77,15
69,78,17
69,51,23
69,282,27
69,230,29
69,380,35
69,75,39
69,21,41
69,378,47
70,22,1
70,35,1
70,74,1
70,74,7
70,35,11
70,79,13
70,77,15
70,78,17
70,51,23
70,282,27
70,230,29
70,380,35
70,75,39
70,21,41
70,378,47
71,22,1
71,75,1
71,79,1
71,230,1
71,348,47
71,437,47
72,62,0
72,109,0
72,114,0
72,219,0
72,229,0
72,243,0
72,282,0
72,330,0
72,367,0
72,40,1
72,48,5
72,132,8
72,51,12
72,390,15
72,61,19
72,35,22
72,112,26
72,352,29
72,398,33
72,103,36
72,56,40
72,378,43
73,40,1
73,48,1
73,132,1
73,48,5
73,132,8
73,51,12
73,390,15
73,61,19
73,35,22
73,112,26
73,352,29
73,398,36
73,103,42
73,56,49
73,378,55
74,5,0
74,157,0
74,174,0
74,175,0
74,359,0
74,33,1
74,111,1
74,300,4
74,397,8
74,88,11
74,222,15
74,120,18
74,205,22
74,350,25
74,89,29
74,153,32
74,38,36
74,444,39
75,33,1
75,111,1
75,300,1
75,397,1
75,300,4
75,397,8
75,88,11
75,222,15
75,120,18
75,205,22
75,350,27
75,89,33
75,153,38
75,38,44
75,444,49
76,33,1
76,111,1
76,300,1
76,397,1
76,300,4
76,397,8
76,88,11
76,222,15
76,120,18
76,205,22
76,350,27
76,89,33
76,153,38
76,38,44
76,444,49
77,24,0
77,32,0
77,37,0
77,38,0
77,95,0
77,172,0
77,204,0
77,234,0
77,33,1
77,45,1
77,39,6
77,52,10
77,172,15
77,23,19
77,83,24
77,36,28
77,97,33
77,126,37
77,340,42
77,394,46
78,39,1
78,45,1
78,52,1
78,98,1
78,224,1
78,398,1
78,39,6
78,52,10
78,172,15
78,23,19
78,83,24
78,36,28
78,97,33
78,126,37
78,31,40
78,340,47
78,394,56
79,23,0
79,173,0
79,187,0
79,214,0
79,219,0
79,248,0
79,300,0
79,382,0
79,428,0
79,33,1
79,174,1
79,281,1
79,45,6
79,55,11
79,93,15
79,50,20
79,29,25
79,352,29
79,428,34
79,303,39
79,133,43
79,94,48
79,240,53
79,244,57
80,33,1
80,45,1
80,174,1
80,281,1
80,45,6
80,55,11
80,93,15
80,50,20
80,29,25
80,352,29
80,428,34
80,110,37
80,303,41
80,133,47
80,94,54
80,240,61
80,244,67
81,33,1
81,319,1
81,84,6
81,48,11
81,49,14
81,86,17
81,209,22
81,199,27
81,443,30
81,103,33
81,435,38
81,429,43
81,393,46
81,360,49
81,192,54
82,33,1
82,48,1
82,84,1
82,161,1
82,319,1
82,84,6
82,48,11
82,49,14
82,86,17
82,209,22
82,199,27
82,443,30
82,103,34
82,435,40
82,429,46
82,393,50
82,360,54
82,192,60
83,16,0
83,98,0
83,174,0
83,175,0
83,189,0
83,193,0
83,211,0
83,297,0
83,348,0
83,400,0
83,28,1
83,43,1
83,64,1
83,210,1
83,398,1
83,31,7
83,282,9
83,332,13
83,163,19
83,314,21
83,14,25
83,97,31
83,400,33
83,403,37
83,364,43
83,206,45
84,48,0
84,98,0
84,114,0
84,175,0
84,185,0
84,283,0
84,413,0
84,45,1
84,64,1
84,98,5
84,99,10
84,31,14
84,228,19
84,253,23
84,367,28
84,458,32
84,97,37
84,65,41
84,283,46
85,45,1
85,64,1
85,98,1
85,99,1
85,98,5
85,99,10
85,31,14
85,228,19
85,253,23
85,367,28
85,161,34
85,97,41
85,65,47
85,283,54
86,21,0
86,32,0
86,50,0
86,122,0
86,195,0
86,227,0
86,252,0
86,324,0
86,333,0
86,29,1
86,45,3
86,346,7
86,196,11
86,227,13
86,420,17
86,156,21
86,392,23
86,62,27
86,453,31
86,362,33
86,36,37
86,291,41
86,401,43
86,58,47
86,219,51
87,29,1
87,45,1
87,196,1
87,324,1
87,45,3
87,324,7
87,196,11
87,227,13
87,420,17
87,156,21
87,392,23
87,62,27
87,453,31
87,362,33
87,329,34
87,36,37
87,291,41
87,401,43
87,58,47
87,219,51
88,114,0
88,122,0
88,153,0
88,174,0
88,212,0
88,325,0
88,425,0
88,1,1
88,139,1
88,106,4
88,189,7
88,50,12
88,107,17
88,124,20
88,426,23
88,371,28
88,103,33
88,188,36
88,151,39
88,441,44
89,1,1
89,106,1
89,139,1
89,189,1
89,106,4
89,189,7
89,50,12
89,107,17
89,124,20
89,426,23
89,371,28
89,103,33
89,188,36
89,151,44
89,441,54
90,36,0
90,61,0
90,103,0
90,112,0
90,229,0
90,333,0
90,341,0
90,350,0
90,33,1
90,110,4
90,48,8
90,333,13
90,182,16
90,43,20
90,128,25
90,420,28
90,62,32
90,250,37
90,334,40
90,362,44
90,58,49
91,48,1
91,62,1
91,110,1
91,182,1
91,390,1
91,191,28
91,131,40
92,7,0
92,8,0
92,9,0
92,50,0
92,114,0
92,149,0
92,153,0
92,195,0
92,261,0
92,310,0
92,95,1
92,122,1
92,212,8
92,174,12
92,101,15
92,109,19
92,389,22
92,371,26
92,247,29
92,138,33
92,399,36
92,194,40
92,171,43
93,95,1
93,122,1
93,212,8
93,174,12
93,101,15
93,109,19
93,389,22
93,325,25
93,371,28
93,247,33
93,138,39
93,399,44
93,194,50
93,171,55
94,95,1
94,122,1
94,212,8
94,174,12
94,101,15
94,109,19
94,389,22
94,325,25
94,371,28
94,247,33
94,138,39
94,399,44
94,194,50
94,171,55
95,111,0
95,153,0
95,157,0
95,175,0
95,205,0
95,350,0
95,20,1
95,33,1
95,106,1
95,300,1
95,103,6
95,88,9
95,99,14
95,317,17
95,201,22
95,21,25
95,397,30
95,225,33
95,174,38
95,231,41
95,328,46
95,38,49
95,444,54
96,7,0
96,8,0
96,9,0
96,112,0
96,260,0
96,385,0
96,417,0
96,427,0
96,1,1
96,95,1
96,50,7
96,93,9
96,29,15
96,139,18
96,96,21
96,60,26
96,244,29
96,29,32
96,207,37
96,94,40
96,417,43
96,428,50
96,248,53
97,1,1
97,50,1
97,93,1
97,95,1
97,171,1
97,50,7
97,93,9
97,29,15
97,139,18
97,96,21
97,60,28
97,244,33
97,29,38
97,207,45
97,94,50
97,417,55
97,428,64
97,248,69
98,14,0
98,21,0
98,91,0
98,97,0
98,114,0
98,133,0
98,175,0
98,246,0
98,282,0
98,321,0
98,145,1
98,300,1
98,11,5
98,43,9
98,106,11
98,61,15
98,341,19
98,232,21
98,23,25
98,182,29
98,12,31
98,21,35
98,362,39
98,152,41
98,175,45
99,11,1
99,145,1
99,300,1
99,11,5
99,43,9
99,106,11
99,61,15
99,341,19
99,232,21
99,23,25
99,182,32
99,12,37
99,21,44
99,362,51
99,152,56
99,175,63
100,268,1
100,33,5
100,49,8
100,209,12
100,205,15
100,103,19
100,113,22
100,451,26
100,120,29
100,129,33
100,393,36
100,360,40
100,153,43
100,243,47
101,33,1
101,49,1
101,209,1
101,268,1
101,33,5
101,49,8
101,209,12
101,205,15
101,103,19
101,113,22
101,451,26
101,120,29
101,129,35
101,393,40
101,360,46
101,153,51
101,243,57
102,115,0
102,174,0
102,235,0
102,236,0
102,244,0
102,246,0
102,267,0
102,275,0
102,381,0
102,384,0
102,437,0
102,95,1
102,140,1
102,253,1
102,115,7
102,73,11
102,331,17
102,78,19
102,77,21
102,79,23
102,93,27
102,388,33
102,76,43
102,94,47
103,23,1
103,93,1
103,95,1
103,140,1
103,402,1
103,23,17
103,121,27
103,452,37
103,437,47
104,14,0
104,24,0
104,103,0
104,130,0
104,157,0
104,187,0
104,195,0
104,197,0
104,246,0
104,442,0
104,45,1
104,39,3
104,125,7
104,29,11
104,43,13
104,116,17
104,155,21
104,99,23
104,206,27
104,37,31
104,371,33
104,198,37
104,283,41
104,38,43
105,29,1
105,39,1
105,45,1
105,125,1
105,39,3
105,125,7
105,29,11
105,43,13
105,116,17
105,155,21
105,99,23
105,206,27
105,37,33
105,371,37
105,198,43
105,283,49
105,38,53
106,24,1
106,279,1
106,96,5
106,27,9
106,26,13
106,280,17
106,116,21
106,364,25
106,136,29
106,170,33
106,193,37
106,299,41
106,203,45
106,25,49
106,370,53
106,179,57
107,4,1
107,279,1
107,97,6
107,228,11
107,183,16
107,418,16
107,364,21
107,410,26
107,7,31
107,8,31
107,9,31
107,327,36
107,5,41
107,197,46
107,68,51
107,370,56
108,34,0
108,133,0
108,164,0
108,173,0
108,174,0
108,187,0
108,214,0
108,222,0
108,265,0
108,330,0
108,359,0
108,122,1
108,48,5
108,111,9
108,282,13
108,35,17
108,23,21
108,50,25
108,21,29
108,205,33
108,382,37
108,287,41
108,103,45
108,438,49
108,378,53
109,60,0
109,103,0
109,149,0
109,174,0
109,194,0
109,220,0
109,261,0
109,33,1
109,139,1
109,123,6
109,108,10
109,372,15
109,120,19
109,124,24
109,114,28
109,360,33
109,153,37
109,188,42
109,194,46
110,33,1
110,108,1
110,123,1
110,139,1
110,123,6
110,108,10
110,372,15
110,120,19
110,124,24
110,114,28
110,458,33
110,153,40
110,188,48
110,194,55
111,14,0
111,68,0
111,130,0
111,157,0
111,174,0
111,179,0
111,222,0
111,242,0
111,306,0
111,407,0
111,422,0
111,423,0
111,424,0
111,30,1
111,39,1
111,23,9
111,31,13
111,184,21
111,350,25
111,36,33
111,32,37
111,444,45
111,89,49
111,224,57
112,23,1
112,30,1
112,31,1
112,39,1
112,23,9
112,31,13
112,184,21
112,350,25
112,36,33
112,32,37
112,359,42
112,444,45
112,89,49
112,224,57
113,68,0
113,118,0
113,164,0
113,215,0
113,217,0
113,312,0
113,356,0
113,426,0
113,1,1
113,45,1
113,39,5
113,287,9
113,135,12
113,3,16
113,107,20
113,47,23
113,371,27
113,111,31
113,113,34
113,121,38
113,361,42
113,38,46
114,72,0
114,73,0
114,93,0
114,115,0
114,133,0
114,175,0
114,267,0
114,283,0
114,384,0
114,437,0
114,132,1
114,275,1
114,79,5
114,71,8
114,74,12
114,77,15
114,22,19
114,20,22
114,72,26
114,78,29
114,246,33
114,282,36
114,21,43
114,321,47
114,378,50
114,438,54
115,23,0
115,38,0
115,50,0
115,68,0
115,116,0
115,164,0
115,193,0
115,219,0
115,283,0
115,306,0
115,359,0
115,4,1
115,43,1
115,252,7
115,39,10
115,44,13
115,5,19
115,99,22
115,146,25
115,242,31
115,203,34
115,200,37
115,458,43
115,389,46
115,179,49
116,13,0
116,50,0
116,62,0
116,82,0
116,150,0
116,175,0
116,190,0
116,225,0
116,324,0
116,330,0
116,145,1
116,108,4
116,43,8
116,55,11
116,116,14
116,61,18
116,97,23
116,239,26
116,362,30
116,56,35
116,349,38
116,406,42
117,43,1
117,55,1
117,108,1
117,145,1
117,108,4
117,43,8
117,55,11
117,116,14
117,61,18
117,97,23
117,239,26
117,362,30
117,56,40
117,349,48
117,406,57
118,34,0
118,56,0
118,60,0
118,114,0
118,189,0
118,214,0
118,300,0
118,401,0
118,39,1
118,64,1
118,346,1
118,48,7
118,30,11
118,352,17
118,175,21
118,392,27
118,31,31
118,127,37
118,32,41
118,97,47
118,224,51
119,39,1
119,48,1
119,64,1
119,346,1
119,398,1
119,48,7
119,30,11
119,352,17
119,175,21
119,392,27
119,31,31
119,127,40
119,32,47
119,97,56
119,224,63
120,33,1
120,106,1
120,55,6
120,229,10
120,105,15
120,293,19
120,129,24
120,61,28
120,107,33
120,360,37
120,113,42
120,408,46
120,322,51
120,56,55
121,55,1
121,105,1
121,129,1
121,229,1
121,109,28
122,95,0
122,102,0
122,109,0
122,244,0
122,248,0
122,252,0
122,298,0
122,358,0
122,417,0
122,93,1
122,112,1
122,345,1
122,384,1
122,385,1
122,383,4
122,96,8
122,227,11
122,3,15
122,102,18
122,113,22
122,115,22
122,60,25
122,164,29
122,278,32
122,94,39
122,226,46
122,219,50
123,13,0
123,68,0
123,113,0
123,179,0
123,203,0
123,219,0
123,226,0
123,318,0
123,400,0
123,405,0
123,43,1
123,98,1
123,410,1
123,116,5
123,228,9
123,206,13
123,97,17
123,17,21
123,210,25
123,163,29
123,13,33
123,104,37
123,404,41
123,400,45
123,458,49
123,403,53
123,14,57
123,364,61
124,1,1
124,122,1
124,142,1
124,181,1
124,122,5
124,142,8
124,181,11
124,3,15
124,8,18
124,212,21
124,313,25
124,358,28
124,419,33
124,34,39
124,378,44
124,195,49
124,59,55
125,43,1
125,84,1
125,98,1
125,84,7
125,67,10
125,129,16
125,351,19
125,113,25
125,9,28
125,435,37
125,85,43
125,103,52
125,87,58
126,43,1
126,52,1
126,123,1
126,52,7
126,108,10
126,185,16
126,83,19
126,109,25
126,7,28
126,436,36
126,53,41
126,241,49
126,126,54
127,31,0
127,98,0
127,175,0
127,185,0
127,206,0
127,364,0
127,370,0
127,11,1
127,116,1
127,20,4
127,69,8
127,106,13
127,279,18
127,280,21
127,233,25
127,404,30
127,37,35
127,14,38
127,66,42
127,12,47
127,276,52
128,33,1
128,39,3
128,99,5
128,30,8
128,184,11
128,228,15
128,156,19
128,371,24
128,428,29
128,36,35
128,207,41
128,37,48
128,416,55
129,150,1
129,33,15
129,175,30
130,37,1
130,44,20
130,82,23
130,43,26
130,239,29
130,423,32
130,401,35
130,240,38
130,56,41
130,349,44
130,63,47
131,32,0
131,90,0
131,164,0
131,174,0
131,193,0
131,214,0
131,246,0
131,250,0
131,287,0
131,321,0
131,349,0
131,45,1
131,47,1
131,55,1
131,54,4
131,109,7
131,420,10
131,352,14
131,34,18
131,240,22
131,195,27
131,58,32
131,362,37
131,219,43
131,56,49
131,329,55
132,144,1
133,174,0
133,175,0
133,197,0
133,203,0
133,204,0
133,273,0
133,281,0
133,313,0
133,321,0
133,33,1
133,39,1
133,28,8
133,45,15
133,98,22
133,44,29
133,226,36
133,36,43
133,387,50
134,33,1
134,39,1
134,28,8
134,55,15
134,98,22
134,44,29
134,62,36
134,392,43
134,387,50
134,114,57
134,151,64
134,56,71
134,330,78
135,33,1
135,39,1
135,28,8
135,84,15
135,98,22
135,24,29
135,42,36
135,422,43
135,387,50
135,86,57
135,97,64
135,87,71
135,435,78
136,33,1
136,39,1
136,28,8
136,52,15
136,98,22
136,44,29
136,83,36
136,424,43
136,387,50
136,123,57
136,184,64
136,126,71
136,436,78
137,33,1
137,159,1
137,160,1
137,176,1
137,60,7
137,97,12
137,105,18
137,393,23
137,324,29
137,278,34
137,435,40
137,199,45
137,161,51
137,277,56
137,192,62
138,21,0
138,48,0
138,61,0
138,62,0
138,114,0
138,157,0
138,191,0
138,282,0
138,330,0
138,378,0
138,390,0
138,110,1
138,132,1
138,44,7
138,55,10
138,205,16
138,43,19
138,341,25
138,362,28
138,182,34
138,246,37
138,321,43
138,350,46
138,56,52
139,44,1
139,110,1
139,132,1
139,44,7
139,55,10
139,205,16
139,43,19
139,341,25
139,362,28
139,182,34
139,246,37
139,131,40
139,321,48
139,350,56
139,56,67
140,61,0
140,62,0
140,91,0
140,103,0
140,109,0
140,175,0
140,196,0
140,229,0
140,282,0
140,341,0
140,10,1
140,106,1
140,71,6
140,43,11
140,341,16
140,28,21
140,203,26
140,453,31
140,72,36
140,319,41
140,246,46
140,378,51
141,10,1
141,43,1
141,71,1
141,106,1
141,364,1
141,71,6
141,43,11
141,341,16
141,28,21
141,203,26
141,453,31
141,72,36
141,163,40
141,319,45
141,246,54
141,378,63
141,400,72
142,174,0
142,193,0
142,211,0
142,225,0
142,228,0
142,372,0
142,17,1
142,44,1
142,48,1
142,184,1
142,422,1
142,423,1
142,424,1
142,336,9
142,97,17
142,246,25
142,242,33
142,36,41
142,442,49
142,63,57
142,157,65
142,416,73
143,38,0
143,68,0
143,90,0
143,122,0
143,164,0
143,174,0
143,204,0
143,228,0
143,33,1
143,111,4
143,133,9
143,122,12
143,187,17
143,281,20
143,156,25
143,173,28
143,214,28
143,34,33
143,205,41
143,242,44
143,416,49
144,16,1
144,181,1
144,54,8
144,420,15
144,170,22
144,246,29
144,97,36
144,58,43
144,115,50
144,355,57
144,366,64
144,59,71
144,329,78
144,258,85
145,64,1
145,84,1
145,86,8
145,197,15
145,246,29
145,268,36
145,97,43
145,435,50
145,355,57
145,113,64
145,65,71
145,87,78
145,240,85
146,17,1
146,52,1
146,83,8
146,97,15
146,203,22
146,246,29
146,53,36
146,219,43
146,403,50
146,355,57
146,257,64
146,76,71
146,143,78
146,241,85
147,48,0
147,54,0
147,113,0
147,114,0
147,225,0
147,245,0
147,349,0
147,407,0
147,35,1
147,43,1
147,86,5
147,239,11
147,82,15
147,21,21
147,97,25
147,401,31
147,407,35
147,219,41
147,349,45
147,200,51
147,63,55
148,35,1
148,43,1
148,86,1
148,239,1
148,86,5
148,239,11
148,82,15
148,21,21
148,97,25
148,401,33
148,407,39
148,219,47
148,349,53
148,200,61
148,63,67
149,7,1
149,9,1
149,35,1
149,43,1
149,86,1
149,239,1
149,355,1
149,86,5
149,239,11
149,82,15
149,21,21
149,97,25
149,401,33
149,407,39
149,219,47
149,349,53
149,17,55
149,200,64
149,63,73
150,50,1
150,93,1
150,112,8
150,129,15
150,248,22
150,244,29
150,357,36
150,54,43
150,427,50
150,133,57
150,384,64
150,385,64
150,94,71
150,382,79
150,105,86
150,219,93
150,396,100
151,1,1
151,144,1
151,5,10
151,118,20
151,94,30
151,112,40
151,246,50
151,133,60
151,382,70
151,226,80
151,417,90
151,396,100
152,22,0
152,34,0
152,68,0
152,73,0
152,175,0
152,246,0
152,267,0
152,275,0
152,312,0
152,378,0
152,437,0
152,33,1
152,45,1
152,75,6
152,77,9
152,235,12
152,115,17
152,345,20
152,230,28
152,113,31
152,34,34
152,219,39
152,312,42
152,76,45
153,33,1
153,45,1
153,75,1
153,77,1
153,75,6
153,77,9
153,235,12
153,115,18
153,345,22
153,230,32
153,113,36
153,34,40
153,219,46
153,312,50
153,76,54
154,33,1
154,45,1
154,75,1
154,77,1
154,75,6
154,77,9
154,235,12
154,115,18
154,345,22
154,80,32
154,230,34
154,113,40
154,34,46
154,219,54
154,312,60
154,76,66
155,24,0
155,37,0
155,38,0
155,98,0
155,154,0
155,179,0
155,193,0
155,306,0
155,326,0
155,336,0
155,394,0
155,33,1
155,43,1
155,108,6
155,52,10
155,98,13
155,172,19
155,111,22
155,129,28
155,436,31
155,53,37
155,205,40
155,38,46
155,284,49
156,33,1
156,43,1
156,108,1
156,108,6
156,52,10
156,98,13
156,172,20
156,111,24
156,129,31
156,436,35
156,53,42
156,205,46
156,38,53
156,284,57
157,33,1
157,43,1
157,52,1
157,108,1
157,360,1
157,108,6
157,52,10
157,98,13
157,172,20
157,111,24
157,129,31
157,436,35
157,53,42
157,205,46
157,38,53
157,284,57
158,8,0
158,37,0
158,56,0
158,157,0
158,232,0
158,242,0
158,246,0
158,300,0
158,337,0
158,346,0
158,349,0
158,453,0
158,10,1
158,43,1
158,55,6
158,99,8
158,44,13
158,184,15
158,423,20
158,175,22
158,242,27
158,163,29
158,103,34
158,37,36
158,401,41
158,276,43
158,56,48
159,10,1
159,43,1
159,55,1
159,55,6
159,99,8
159,44,13
159,184,15
159,423,21
159,175,24
159,242,30
159,163,33
159,103,39
159,37,42
159,401,48
159,276,51
159,56,57
160,10,1
160,43,1
160,55,1
160,99,1
160,55,6
160,99,8
160,44,13
160,184,15
160,423,21
160,175,24
160,97,30
160,242,32
160,163,37
160,103,45
160,37,50
160,401,58
160,276,63
160,56,71
161,38,0
161,116,0
161,163,0
161,164,0
161,179,0
161,204,0
161,228,0
161,387,0
161,10,1
161,193,1
161,111,4
161,98,7
161,154,13
161,204,19
161,21,25
161,156,28
161,389,31
161,133,36
161,226,39
161,382,42
161,304,47
162,10,1
162,98,1
162,111,1
162,193,1
162,111,4
162,98,7
162,154,13
162,204,21
162,21,28
162,156,32
162,389,36
162,133,42
162,226,46
162,382,50
162,304,56
163,17,0
163,48,0
163,97,0
163,101,0
163,143,0
163,185,0
163,297,0
163,33,1
163,45,1
163,193,1
163,95,5
163,64,9
163,253,13
163,115,17
163,93,21
163,36,25
163,403,29
163,428,33
163,326,37
163,375,41
163,355,45
163,138,49
164,33,1
164,45,1
164,95,1
164,143,1
164,193,1
164,95,5
164,64,9
164,253,13
164,115,17
164,93,22
164,36,27
164,403,32
164,428,37
164,326,42
164,375,47
164,355,52
164,138,57
165,60,0
165,103,0
165,117,0
165,227,0
165,282,0
165,318,0
165,405,0
165,450,0
165,33,1
165,48,6
165,4,9
165,113,14
165,115,14
165,219,14
165,183,17
165,226,22
165,318,25
165,97,30
165,129,33
165,38,38
165,405,41
166,4,1
166,33,1
166,48,1
166,48,6
166,4,9
166,113,14
166,115,14
166,219,14
166,183,17
166,226,24
166,318,29
166,97,36
166,129,41
166,38,48
166,405,53
167,49,0
167,50,0
167,60,0
167,226,0
167,228,0
167,324,0
167,390,0
167,398,0
167,40,1
167,81,1
167,184,5
167,132,8
167,141,12
167,101,15
167,425,19
167,154,22
167,389,26
167,97,33
167,42,36
167,94,40
167,398,43
168,40,1
168,81,1
168,132,1
168,184,1
168,450,1
168,184,5
168,132,8
168,141,12
168,101,15
168,425,19
168,154,23
168,389,28
168,97,37
168,42,41
168,94,46
168,398,50
169,48,1
169,103,1
169,141,1
169,310,1
169,440,1
169,48,5
169,310,9
169,44,13
169,17,17
169,109,21
169,314,27
169,212,33
169,305,39
169,114,45
169,403,51
170,54,0
170,60,0
170,97,0
170,103,0
170,133,0
170,175,0
170,250,0
170,48,1
170,145,1
170,86,6
170,175,9
170,55,12
170,109,17
170,209,20
170,36,23
170,61,28
170,324,31
170,435,34
170,392,39
170,56,42
170,268,45
171,48,1
171,86,1
171,145,1
171,86,6
171,175,9
171,55,12
171,109,17
171,209,20
171,36,23
171,61,30
171,324,35
171,435,40
171,392,47
171,56,52
171,268,57
172,3,0
172,9,0
172,117,0
172,175,0
172,179,0
172,217,0
172,227,0
172,252,0
172,268,0
172,273,0
172,321,0
172,84,1
172,204,1
172,39,5
172,86,10
172,186,13
172,417,18
173,102,0
173,118,0
173,133,0
173,150,0
173,164,0
173,187,0
173,217,0
173,273,0
173,312,0
173,313,0
173,1,1
173,204,1
173,227,4
173,47,7
173,186,10
173,383,13
173,345,16
174,185,0
174,195,0
174,217,0
174,273,0
174,313,0
174,356,0
174,387,0
174,47,1
174,204,1
174,111,5
174,1,9
174,186,13
174,383,17
175,64,0
175,164,0
175,193,0
175,217,0
175,244,0
175,248,0
175,326,0
175,375,0
175,381,0
175,417,0
175,45,1
175,204,1
175,118,6
175,186,10
175,281,15
175,227,19
175,204,24
175,273,28
175,246,33
175,219,37
175,226,42
175,38,46
175,387,51
176,45,1
176,118,1
176,186,1
176,204,1
176,345,1
176,118,6
176,186,10
176,281,15
176,227,19
176,204,24
176,273,28
176,246,33
176,219,37
176,226,42
176,38,46
176,387,51
177,65,0
177,98,0
177,114,0
177,185,0
177,211,0
177,244,0
177,287,0
177,297,0
177,389,0
177,428,0
177,43,1
177,64,1
177,101,6
177,100,9
177,381,12
177,357,17
177,382,20
177,109,23
177,273,28
177,375,33
177,248,36
177,466,39
177,384,44
177,385,44
177,94,47
178,43,1
178,64,1
178,101,6
178,100,9
178,381,12
178,357,17
178,382,20
178,109,23
178,366,27
178,273,30
178,375,37
178,248,42
178,466,47
178,384,54
178,385,54
178,94,59
179,28,0
179,34,0
179,36,0
179,103,0
179,115,0
179,219,0
179,260,0
179,268,0
179,316,0
179,33,1
179,45,5
179,84,10
179,86,14
179,178,19
179,268,23
179,435,28
179,324,32
179,113,37
179,408,41
179,87,46
180,33,1
180,45,1
180,84,1
180,45,5
180,84,10
180,86,14
180,178,20
180,268,25
180,435,31
180,324,36
180,113,42
180,408,47
180,87,53
181,7,1
181,33,1
181,45,1
181,84,1
181,86,1
181,45,5
181,84,10
181,86,14
181,178,20
181,268,25
181,9,30
181,435,34
181,324,42
181,113,51
181,408,59
181,87,68
182,72,1
182,78,1
182,230,1
182,241,1
182,348,1
182,345,23
182,437,53
183,34,0
183,48,0
183,113,0
183,133,0
183,164,0
183,187,0
183,195,0
183,217,0
183,248,0
183,276,0
183,287,0
183,453,0
183,33,1
183,111,2
183,39,7
183,55,10
183,205,15
183,61,18
183,392,23
183,38,27
183,240,32
183,401,37
183,56,42
184,33,1
184,39,1
184,55,1
184,111,1
184,111,2
184,39,7
184,55,10
184,205,15
184,61,20
184,392,27
184,38,33
184,240,40
184,401,47
184,56,54
185,29,0
185,106,0
185,111,0
185,120,0
185,205,0
185,328,0
185,67,1
185,88,1
185,175,1
185,383,1
185,452,1
185,175,6
185,67,9
185,88,14
185,102,17
185,185,25
185,317,30
185,157,33
185,21,38
185,389,41
185,38,46
185,359,49
186,3,1
186,61,1
186,95,1
186,195,1
186,207,27
186,340,37
186,304,48
187,38,0
187,93,0
187,115,0
187,133,0
187,227,0
187,244,0
187,312,0
187,388,0
187,150,1
187,235,4
187,39,7
187,33,10
187,77,12
187,78,14
187,79,16
187,331,19
187,73,22
187,72,25
187,178,28
187,369,31
187,388,34
187,202,37
187,340,40
188,33,1
188,39,1
188,150,1
188,235,1
188,235,4
188,39,7
188,33,10
188,77,12
188,78,14
188,79,16
188,331,20
188,73,24
188,72,28
188,178,32
188,369,36
188,388,40
188,202,44
188,340,48
189,33,1
189,39,1
189,150,1
189,235,1
189,235,4
189,39,7
189,33,10
189,77,12
189,78,14
189,79,16
189,331,20
189,73,24
189,72,28
189,178,32
189,369,36
189,388,40
189,202,44
189,340,48
190,3,0
190,21,0
190,68,0
190,97,0
190,103,0
190,228,0
190,252,0
190,340,0
190,372,0
190,10,1
190,39,1
190,28,4
190,310,8
190,226,11
190,321,15
190,154,18
190,129,22
190,103,25
190,97,29
190,458,32
190,371,36
190,417,39
190,387,43
191,73,0
191,174,0
191,227,0
191,230,0
191,267,0
191,275,0
191,71,1
191,74,1
191,72,5
191,275,9
191,73,17
191,283,21
191,388,25
191,75,29
191,235,33
191,241,37
191,202,41
191,402,45
192,1,1
192,71,1
192,74,1
192,72,5
192,275,9
192,73,17
192,331,21
192,388,25
192,75,29
192,80,33
192,241,37
192,76,41
192,437,43
193,141,0
193,179,0
193,185,0
193,228,0
193,318,0
193,324,0
193,364,0
193,33,1
193,193,1
193,98,6
193,104,11
193,49,14
193,197,17
193,48,22
193,253,27
193,228,30
193,246,33
193,95,38
193,17,43
193,103,46
193,369,49
193,403,54
193,405,57
194,24,0
194,34,0
194,68,0
194,105,0
194,174,0
194,219,0
194,227,0
194,246,0
194,300,0
194,39,1
194,55,1
194,300,5
194,341,9
194,21,15
194,426,19
194,133,23
194,281,29
194,89,33
194,240,37
194,54,43
194,114,43
194,330,47
195,39,1
195,55,1
195,300,1
195,300,5
195,341,9
195,21,15
195,426,19
195,133,24
195,281,31
195,89,36
195,240,41
195,54,48
195,114,48
195,330,53
196,33,1
196,39,1
196,28,8
196,93,15
196,98,22
196,129,29
196,60,36
196,248,43
196,387,50
196,244,57
196,94,64
196,234,71
196,384,78
197,33,1
197,39,1
197,28,8
197,228,15
197,98,22
197,109,29
197,185,36
197,372,43
197,387,50
197,212,57
197,103,64
197,236,71
197,385,78
198,17,0
198,65,0
198,103,0
198,109,0
198,143,0
198,185,0
198,195,0
198,297,0
198,375,0
198,413,0
198,64,1
198,310,1
198,228,5
198,114,11
198,17,15
198,101,21
198,372,25
198,269,31
198,185,35
198,212,41
198,389,45
199,33,1
199,174,1
199,237,1
199,281,1
199,408,1
199,45,6
199,55,11
199,93,15
199,50,20
199,29,25
199,352,29
199,428,34
199,417,39
199,207,43
199,94,48
199,244,57
200,103,0
200,174,0
200,194,0
200,244,0
200,389,0
200,417,0
200,425,0
200,466,0
200,45,1
200,149,1
200,310,10
200,109,14
200,212,19
200,60,23
200,220,28
200,371,32
200,247,37
200,195,41
200,408,50
201,237,1
202,68,1
202,194,1
202,219,1
202,243,1
203,13,0
203,24,0
203,36,0
203,133,0
203,193,0
203,243,0
203,244,0
203,248,0
203,273,0
203,277,0
203,372,0
203,33,1
203,45,1
203,93,1
203,310,1
203,384,1
203,385,1
203,316,5
203,23,10
203,97,14
203,60,19
203,226,23
203,372,28
203,458,32
203,94,37
203,428,41
203,242,46
204,38,0
204,42,0
204,68,0
204,115,0
204,129,0
204,175,0
204,279,0
204,328,0
204,379,0
204,390,0
204,33,1
204,182,1
204,120,6
204,450,9
204,36,12
204,229,17
204,117,20
204,191,28
204,371,31
204,153,34
204,334,39
204,360,42
204,38,45
205,33,1
205,120,1
205,182,1
205,390,1
205,450,1
205,120,6
205,450,9
205,36,12
205,229,17
205,117,20
205,191,28
205,429,31
205,371,33
205,153,38
205,334,45
205,360,50
205,38,55
205,393,62
205,192,67
206,29,0
206,44,0
206,97,0
206,117,0
206,157,0
206,173,0
206,174,0
206,246,0
206,277,0
206,310,0
206,99,1
206,111,5
206,281,9
206,137,13
206,205,17
206,228,25
206,103,29
206,355,33
206,36,37
206,246,41
206,91,45
206,283,49
206,175,53
207,13,0
207,17,0
207,38,0
207,68,0
207,97,0
207,226,0
207,232,0
207,328,0
207,364,0
207,379,0
207,400,0
207,440,0
207,40,1
207,28,5
207,106,9
207,282,12
207,98,16
207,210,20
207,185,23
207,103,27
207,163,31
207,14,34
207,369,38
207,404,42
207,12,45
208,20,1
208,33,1
208,106,1
208,300,1
208,422,1
208,423,1
208,424,1
208,103,6
208,88,9
208,99,14
208,317,17
208,201,22
208,21,25
208,397,30
208,225,33
208,174,38
208,231,41
208,242,46
208,38,49
208,444,54
209,115,0
209,118,0
209,173,0
209,185,0
209,215,0
209,217,0
209,242,0
209,265,0
209,370,0
209,422,0
209,423,0
209,424,0
209,33,1
209,39,1
209,184,1
209,204,1
209,422,1
209,423,1
209,424,1
209,44,7
209,122,13
209,29,19
209,336,25
209,99,31
209,36,37
209,371,43
209,242,49
210,33,1
210,39,1
210,184,1
210,204,1
210,422,1
210,423,1
210,424,1
210,44,7
210,122,13
210,29,19
210,336,27
210,99,35
210,36,43
210,371,51
210,242,59
211,48,0
211,61,0
211,114,0
211,175,0
211,310,0
211,324,0
211,398,0
211,453,0
211,33,1
211,40,1
211,191,1
211,106,9
211,107,9
211,55,13
211,205,17
211,390,21
211,279,29
211,362,33
211,42,37
211,36,41
211,401,45
211,398,49
211,194,53
211,56,57
212,43,1
212,98,1
212,418,1
212,116,5
212,228,9
212,206,13
212,97,17
212,232,21
212,210,25
212,163,29
212,13,33
212,334,37
212,404,41
212,400,45
212,458,49
212,442,53
212,14,57
212,364,61
213,189,0
213,230,0
213,282,0
213,328,0
213,367,0
213,110,1
213,117,1
213,132,1
213,227,9
213,219,14
213,35,22
213,156,27
213,380,35
213,450,40
213,379,48
214,38,0
214,106,0
214,117,0
214,175,0
214,206,0
214,228,0
214,279,0
214,30,1
214,33,1
214,43,1
214,203,1
214,400,1
214,31,7
214,332,13
214,280,19
214,68,25
214,36,31
214,370,37
214,179,43
214,364,49
214,224,55
215,8,0
215,44,0
215,68,0
215,115,0
215,193,0
215,228,0
215,252,0
215,306,0
215,386,0
215,420,0
215,458,0
215,10,1
215,43,1
215,269,1
215,98,8
215,103,10
215,185,14
215,154,21
215,97,24
215,196,28
215,163,35
215,372,38
215,232,42
215,420,49
216,36,0
216,38,0
216,68,0
216,69,0
216,187,0
216,214,0
216,232,0
216,238,0
216,242,0
216,281,0
216,313,0
216,370,0
216,400,0
216,10,1
216,43,1
216,122,1
216,313,1
216,154,8
216,185,15
216,230,22
216,163,29
216,204,36
216,156,43
216,173,43
216,37,50
216,371,57
217,10,1
217,43,1
217,122,1
217,313,1
217,154,8
217,185,15
217,230,22
217,163,29
217,184,38
217,156,47
217,173,49
217,37,58
217,359,67
218,108,0
218,151,0
218,174,0
218,257,0
218,123,1
218,281,1
218,52,8
218,88,11
218,106,16
218,105,23
218,246,26
218,133,31
218,436,38
218,157,41
218,34,46
218,53,53
218,414,56
219,52,1
219,88,1
219,123,1
219,281,1
219,52,8
219,88,11
219,106,16
219,105,23
219,246,26
219,133,31
219,436,40
219,157,45
219,34,52
219,53,61
219,414,66
220,34,0
220,36,0
220,38,0
220,44,0
220,90,0
220,157,0
220,174,0
220,246,0
220,333,0
220,341,0
220,33,1
220,316,1
220,300,4
220,181,8
220,189,13
220,203,16
220,426,20
220,196,25
220,420,28
220,36,32
220,89,37
220,54,40
220,59,44
220,133,49
221,64,1
221,181,1
221,246,1
221,300,1
221,316,1
221,300,4
221,181,8
221,189,13
221,203,16
221,426,20
221,196,25
221,423,28
221,36,32
221,31,33
221,89,40
221,54,48
221,59,56
221,133,65
222,54,0
222,103,0
222,109,0
222,112,0
222,133,0
222,157,0
222,174,0
222,267,0
222,275,0
222,333,0
222,392,0
222,33,1
222,106,4
222,145,8
222,105,13
222,287,16
222,350,20
222,61,25
222,381,28
222,246,32
222,392,37
222,131,40
222,408,44
222,243,48
222,414,53
223,48,0
223,62,0
223,86,0
223,103,0
223,114,0
223,173,0
223,175,0
223,190,0
223,323,0
223,350,0
223,55,1
223,199,6
223,60,10
223,62,14
223,61,19
223,116,23
223,331,27
223,352,32
223,324,36
223,58,40
223,63,45
224,55,1
224,60,1
224,62,1
224,132,1
224,350,1
224,441,1
224,132,6
224,60,10
224,62,14
224,61,19
224,116,23
224,190,25
224,331,29
224,378,36
224,324,42
224,58,48
224,63,55
225,8,0
225,62,0
225,98,0
225,150,0
225,229,0
225,248,0
225,252,0
225,301,0
225,420,0
225,217,1
226,21,0
226,56,0
226,114,0
226,150,0
226,157,0
226,239,0
226,243,0
226,300,0
226,346,0
226,33,1
226,48,1
226,60,1
226,61,1
226,145,1
226,324,1
226,331,1
226,48,4
226,61,10
226,29,13
226,97,19
226,17,22
226,352,28
226,36,31
226,109,37
226,340,40
226,392,46
226,56,49
227,65,0
227,143,0
227,174,0
227,228,0
227,372,0
227,385,0
227,413,0
227,43,1
227,64,1
227,28,6
227,129,9
227,97,12
227,31,17
227,364,20
227,314,23
227,191,28
227,319,31
227,211,34
227,403,39
227,163,42
227,400,45
228,68,0
228,83,0
228,99,0
228,179,0
228,228,0
228,261,0
228,364,0
228,372,0
228,386,0
228,417,0
228,422,0
228,424,0
228,43,1
228,52,1
228,336,4
228,123,9
228,336,14
228,44,17
228,316,22
228,372,27
228,424,30
228,185,35
228,53,43
228,242,48
228,417,53
229,43,1
229,52,1
229,123,1
229,336,1
229,422,1
229,336,4
229,123,9
229,336,14
229,44,17
229,316,22
229,372,28
229,424,32
229,185,38
229,53,48
229,242,54
229,417,60
230,43,1
230,55,1
230,108,1
230,145,1
230,281,1
230,108,4
230,43,8
230,55,11
230,116,14
230,61,18
230,97,23
230,239,26
230,362,30
230,56,40
230,349,48
230,406,57
231,34,0
231,68,0
231,90,0
231,116,0
231,173,0
231,246,0
231,283,0
231,420,0
231,457,0
231,33,1
231,45,1
231,111,1
231,316,1
231,175,6
231,36,10
231,205,15
231,21,24
231,203,28
231,204,33
231,387,37
231,38,42
232,30,1
232,45,1
232,111,1
232,175,1
232,422,1
232,424,1
232,229,6
232,282,10
232,205,15
232,222,19
232,21,24
232,31,25
232,372,31
232,184,39
232,89,46
232,416,54
233,33,1
233,111,1
233,160,1
233,176,1
233,60,7
233,97,12
233,105,18
233,393,23
233,324,29
233,278,34
233,435,40
233,199,45
233,161,51
233,277,56
233,192,62
233,63,67
234,24,0
234,37,0
234,44,0
234,50,0
234,207,0
234,224,0
234,244,0
234,326,0
234,428,0
234,33,1
234,43,3
234,310,7
234,95,10
234,23,13
234,28,16
234,36,21
234,109,23
234,347,27
234,428,38
234,445,49
234,382,53
235,166,1
235,166,11
235,166,21
235,166,31
235,166,41
235,166,51
235,166,61
235,166,71
235,166,81
235,166,91
236,68,0
236,136,0
236,170,0
236,183,0
236,229,0
236,410,0
236,418,0
236,33,1
236,193,1
236,252,1
237,27,1
237,279,1
237,116,6
237,228,10
237,98,15
237,167,19
237,229,24
237,68,28
237,364,33
237,97,37
237,360,42
237,197,46
237,370,51
237,283,55
238,8,0
238,96,0
238,244,0
238,252,0
238,273,0
238,357,0
238,417,0
238,1,1
238,122,5
238,186,8
238,181,11
238,93,15
238,47,18
238,212,21
238,313,25
238,381,28
238,419,31
238,94,35
238,383,38
238,195,41
238,59,45
239,2,0
239,7,0
239,8,0
239,27,0
239,96,0
239,112,0
239,223,0
239,238,0
239,364,0
239,43,1
239,98,1
239,84,7
239,67,10
239,129,16
239,351,19
239,113,25
239,9,28
239,435,34
239,85,37
239,103,43
239,87,46
240,2,0
240,5,0
240,9,0
240,103,0
240,112,0
240,183,0
240,187,0
240,223,0
240,238,0
240,394,0
240,43,1
240,123,1
240,52,7
240,108,10
240,185,16
240,83,19
240,109,25
240,7,28
240,436,34
240,53,37
240,241,43
240,126,46
241,38,0
241,69,0
241,146,0
241,174,0
241,179,0
241,203,0
241,214,0
241,217,0
241,244,0
241,359,0
241,386,0
241,33,1
241,45,3
241,111,5
241,23,8
241,208,11
241,117,15
241,205,19
241,34,24
241,428,29
241,445,35
241,360,41
241,215,48
241,358,55
242,1,1
242,45,1
242,39,5
242,287,9
242,135,12
242,3,16
242,107,20
242,47,23
242,371,27
242,111,31
242,113,34
242,121,38
242,361,42
242,38,46
243,43,1
243,44,1
243,84,8
243,336,15
243,98,22
243,209,29
243,115,36
243,242,43
243,422,50
243,435,57
243,326,64
243,240,71
243,347,78
243,87,85
244,43,1
244,44,1
244,52,8
244,336,15
244,83,22
244,23,29
244,53,36
244,207,43
244,424,50
244,436,57
244,326,64
244,126,71
244,347,78
244,284,85
245,43,1
245,44,1
245,61,8
245,240,15
245,16,22
245,62,29
245,54,36
245,243,43
245,423,50
245,366,57
245,326,64
245,56,71
245,347,78
245,59,85
246,23,0
246,116,0
246,174,0
246,200,0
246,228,0
246,246,0
246,334,0
246,349,0
246,372,0
246,442,0
246,43,1
246,44,1
246,201,5
246,103,10
246,157,14
246,184,19
246,37,23
246,399,28
246,371,32
246,242,37
246,89,41
246,444,46
246,63,50
247,43,1
247,44,1
247,103,1
247,201,1
247,201,5
247,103,10
247,157,14
247,184,19
247,37,23
247,399,28
247,371,34
247,242,41
247,89,47
247,444,54
247,63,60
248,43,1
248,44,1
248,103,1
248,201,1
248,422,1
248,423,1
248,424,1
248,201,5
248,103,10
248,157,14
248,184,19
248,37,23
248,399,28
248,371,34
248,242,41
248,89,47
248,444,54
248,63,70
249,16,1
249,311,1
249,16,9
249,407,15
249,326,23
249,240,29
249,56,37
249,177,43
249,386,50
249,246,57
249,219,65
249,105,71
249,248,79
249,347,93
249,143,99
250,16,1
250,311,1
250,16,9
250,413,15
250,326,23
250,241,29
250,126,37
250,221,43
250,386,50
250,246,57
250,219,65
250,105,71
250,248,79
250,347,93
250,143,99
251,73,1
251,93,1
251,105,1
251,215,1
251,219,10
251,345,19
251,246,28
251,226,37
251,377,55
251,248,64
251,361,73
251,437,82
251,195,91
252,13,0
252,24,0
252,73,0
252,225,0
252,235,0
252,242,0
252,283,0
252,300,0
252,306,0
252,345,0
252,388,0
252,437,0
252,1,1
252,43,1
252,71,6
252,98,11
252,228,16
252,103,21
252,72,26
252,97,31
252,21,36
252,197,41
252,202,46
252,412,51
253,1,1
253,43,1
253,71,1
253,98,1
253,71,6
253,98,11
253,210,16
253,228,17
253,103,23
253,348,29
253,97,35
253,21,41
253,197,47
253,206,53
253,437,59
254,1,1
254,43,1
254,71,1
254,98,1
254,400,1
254,71,6
254,98,11
254,404,16
254,228,17
254,103,23
254,348,29
254,97,35
254,21,43
254,197,51
254,206,59
254,437,67
255,68,0
255,97,0
255,157,0
255,179,0
255,203,0
255,207,0
255,226,0
255,265,0
255,297,0
255,306,0
255,364,0
255,387,0
255,400,0
255,10,1
255,45,1
255,116,7
255,52,10
255,64,16
255,28,19
255,83,25
255,98,28
255,163,34
255,53,43
256,10,1
256,45,1
256,52,1
256,116,1
256,116,7
256,52,13
256,24,16
256,64,17
256,28,21
256,339,28
256,98,32
256,163,39
256,327,50
256,394,54
257,7,1
257,10,1
257,45,1
257,52,1
257,116,1
257,116,7
257,52,13
257,24,16
257,64,17
257,28,21
257,339,28
257,98,32
257,299,36
257,163,42
257,413,49
257,327,59
257,394,66
258,23,0
258,38,0
258,44,0
258,68,0
258,124,0
258,174,0
258,243,0
258,246,0
258,250,0
258,253,0
258,281,0
258,287,0
258,301,0
258,426,0
258,33,1
258,45,1
258,189,6
258,55,10
258,117,15
258,193,19
258,300,24
258,36,28
258,250,33
258,182,37
258,56,42
258,283,46
259,33,1
259,45,1
259,55,1
259,189,1
259,189,6
259,55,10
259,117,15
259,341,16
259,193,20
259,426,25
259,36,31
259,330,37
259,182,42
259,89,46
259,283,53
260,33,1
260,45,1
260,55,1
260,189,1
260,189,6
260,55,10
260,117,15
260,341,16
260,193,20
260,426,25
260,36,31
260,330,39
260,182,46
260,89,52
260,283,61
260,359,69
261,43,0
261,281,0
261,305,0
261,310,0
261,382,0
261,389,0
261,422,0
261,423,0
261,424,0
261,33,1
261,336,5
261,28,9
261,44,13
261,316,17
261,336,21
261,207,25
261,372,29
261,184,33
261,269,37
261,36,45
261,389,49
261,242,53
262,28,1
262,33,1
262,44,1
262,336,1
262,336,5
262,28,9
262,44,13
262,316,17
262,336,22
262,207,27
262,372,32
262,184,37
262,269,42
262,36,52
262,168,57
262,389,62
263,164,0
263,189,0
263,204,0
263,228,0
263,321,0
263,33,1
263,45,1
263,39,5
263,29,9
263,28,13
263,316,17
263,300,21
263,42,25
263,175,33
263,156,37
263,187,41
263,371,45
264,29,1
264,33,1
264,39,1
264,45,1
264,39,5
264,29,9
264,28,13
264,316,17
264,300,23
264,154,29
264,163,41
264,156,47
264,187,53
264,371,59
265,33,1
265,81,1
265,40,5
265,450,15
266,106,1
266,106,7
267,71,1
267,71,10
267,16,13
267,78,17
267,234,20
267,72,24
267,19,27
267,204,31
267,318,34
267,202,38
267,405,41
268,106,1
268,106,7
269,93,1
269,93,10
269,16,13
269,182,17
269,236,20
269,60,24
269,19,27
269,113,31
269,318,34
269,92,38
269,405,41
270,55,0
270,68,0
270,73,0
270,75,0
270,175,0
270,230,0
270,235,0
270,321,0
270,310,1
270,45,3
270,71,5
270,267,7
270,54,11
270,72,19
270,61,25
270,428,31
270,240,37
270,412,45
271,310,1
271,45,3
271,71,5
271,267,7
271,252,11
271,154,15
271,346,19
271,61,25
271,428,31
271,253,37
271,56,45
272,45,1
272,72,1
272,267,1
272,310,1
273,13,0
273,36,0
273,73,0
273,98,0
273,133,0
273,206,0
273,384,0
273,388,0
273,417,0
273,117,1
273,106,3
273,74,7
273,267,13
273,235,21
273,241,31
273,153,43
274,1,1
274,75,1
274,106,3
274,74,7
274,267,13
274,252,19
274,259,25
274,185,31
274,13,37
274,207,43
274,326,49
275,16,1
275,75,1
275,185,1
275,417,1
275,437,49
276,48,0
276,99,0
276,143,0
276,228,0
276,287,0
276,413,0
276,45,1
276,64,1
276,116,4
276,98,8
276,17,13
276,104,19
276,283,26
276,332,34
276,97,43
276,403,53
277,45,1
277,64,1
277,98,1
277,116,1
277,116,4
277,98,8
277,17,13
277,104,19
277,283,28
277,332,38
277,97,49
277,403,61
278,16,0
278,54,0
278,97,0
278,239,0
278,282,0
278,346,0
278,392,0
278,45,1
278,55,1
278,48,6
278,17,11
278,54,16
278,352,19
278,98,24
278,355,29
278,228,34
278,97,37
278,332,42
278,403,47
279,17,1
279,45,1
279,55,1
279,346,1
279,48,6
279,17,11
279,54,16
279,352,19
279,371,24
279,182,25
279,355,31
279,371,43
279,366,50
279,56,57
280,50,0
280,109,0
280,194,0
280,212,0
280,227,0
280,261,0
280,425,0
280,45,1
280,93,6
280,104,10
280,100,12
280,381,17
280,345,21
280,347,23
280,94,28
280,248,34
280,204,39
280,95,43
280,138,45
281,45,1
281,93,1
281,100,1
281,104,1
281,93,6
281,104,10
281,100,12
281,381,17
281,345,22
281,347,25
281,94,31
281,248,39
281,204,45
281,95,50
281,138,53
282,45,1
282,93,1
282,100,1
282,104,1
282,361,1
282,93,6
282,104,10
282,100,12
282,273,17
282,345,22
282,347,25
282,94,33
282,248,45
282,445,53
282,95,60
282,138,65
283,56,0
283,60,0
283,170,0
283,193,0
283,324,0
283,341,0
283,450,0
283,145,1
283,98,7
283,230,13
283,346,19
283,61,25
283,97,31
283,54,37
283,114,37
283,226,43
284,98,1
284,145,1
284,230,1
284,346,1
284,466,1
284,98,7
284,230,13
284,346,19
284,16,22
284,184,26
284,78,33
284,318,40
284,403,47
284,19,54
284,405,61
285,204,0
285,206,0
285,207,0
285,313,0
285,358,0
285,388,0
285,402,0
285,71,1
285,33,5
285,78,9
285,73,13
285,72,17
285,29,21
285,77,25
285,388,29
285,74,33
285,202,37
285,402,41
285,147,45
286,33,1
286,71,1
286,73,1
286,78,1
286,33,5
286,78,9
286,73,13
286,72,17
286,29,21
286,183,23
286,68,25
286,395,29
286,327,33
286,170,37
286,402,41
286,223,45
287,34,0
287,163,0
287,173,0
287,174,0
287,214,0
287,228,0
287,306,0
287,359,0
287,400,0
287,10,1
287,281,1
287,227,7
287,303,13
287,185,19
287,133,25
287,68,37
287,175,43
288,10,1
288,116,1
288,227,1
288,253,1
288,227,7
288,253,13
288,154,19
288,203,25
288,163,31
288,68,37
288,264,43
288,179,49
289,10,1
289,227,1
289,281,1
289,303,1
289,227,7
289,303,13
289,185,19
289,133,25
289,207,36
289,68,37
289,175,43
289,371,49
289,386,55
289,359,61
290,16,0
290,185,0
290,203,0
290,318,0
290,400,0
290,405,0
290,450,0
290,10,1
290,106,1
290,141,5
290,28,9
290,154,14
290,170,19
290,206,25
290,189,31
290,232,38
290,91,45
291,10,1
291,28,1
291,106,1
291,141,1
291,450,1
291,141,5
291,28,9
291,154,14
291,170,19
291,103,20
291,104,20
291,210,20
291,14,25
291,163,31
291,97,38
291,226,45
291,404,52
292,10,1
292,106,1
292,141,5
292,28,9
292,154,14
292,170,19
292,109,31
292,425,38
292,377,52
292,247,59
293,36,0
293,108,0
293,173,0
293,207,0
293,265,0
293,283,0
293,326,0
293,359,0
293,1,1
293,253,5
293,310,11
293,336,15
293,48,21
293,23,25
293,103,31
293,336,35
293,156,41
293,214,41
293,304,45
294,1,1
294,253,1
294,310,1
294,336,1
294,253,5
294,310,11
294,336,15
294,44,20
294,48,23
294,23,29
294,103,37
294,336,43
294,156,51
294,214,51
294,304,57
295,1,1
295,253,1
295,310,1
295,336,1
295,422,1
295,423,1
295,424,1
295,253,5
295,310,11
295,336,15
295,44,20
295,48,23
295,23,29
295,103,37
295,242,40
295,336,45
295,156,55
295,214,55
295,304,63
295,63,71
296,68,0
296,185,0
296,193,0
296,197,0
296,223,0
296,238,0
296,279,0
296,358,0
296,364,0
296,418,0
296,33,1
296,116,1
296,28,4
296,292,7
296,233,10
296,252,13
296,16,16
296,282,19
296,265,22
296,187,25
296,395,28
296,69,31
296,358,34
296,203,37
296,370,40
296,179,43
297,28,1
297,33,1
297,116,1
297,292,1
297,362,1
297,28,4
297,292,7
297,233,10
297,252,13
297,16,16
297,282,19
297,265,22
297,187,27
297,395,32
297,69,37
297,358,42
297,203,47
297,370,52
297,179,57
298,21,0
298,34,0
298,47,0
298,227,0
298,287,0
298,313,0
298,321,0
298,150,1
298,204,2
298,39,7
298,145,10
298,21,15
298,55,18
299,38,0
299,153,0
299,205,0
299,222,0
299,457,0
299,33,1
299,106,7
299,88,13
299,86,25
299,157,31
299,201,37
299,156,43
299,408,49
299,435,55
299,444,61
299,192,67
299,199,73
299,414,79
300,164,0
300,226,0
300,244,0
300,252,0
300,253,0
300,273,0
300,313,0
300,321,0
300,387,0
300,389,0
300,426,0
300,428,0
300,33,1
300,39,1
300,45,1
300,252,1
300,193,4
300,204,8
300,47,11
300,3,15
300,383,18
300,204,25
300,185,29
300,358,32
300,215,39
300,38,42
300,445,46
301,3,1
301,47,1
301,204,1
301,252,1
302,105,0
302,236,0
302,244,0
302,260,0
302,364,0
302,417,0
302,10,1
302,43,1
302,193,4
302,101,8
302,310,11
302,154,15
302,252,18
302,197,22
302,425,25
302,282,29
302,185,32
302,386,36
302,421,39
302,408,43
302,109,46
302,428,50
302,247,53
302,212,57
303,14,0
303,206,0
303,244,0
303,246,0
303,305,0
303,321,0
303,385,0
303,386,0
303,389,0
303,422,0
303,423,0
303,424,0
303,310,1
303,313,6
303,44,11
303,230,16
303,11,21
303,185,26
303,226,31
303,242,36
303,334,41
303,389,46
303,442,56
304,23,0
304,34,0
304,103,0
304,174,0
304,265,0
304,283,0
304,407,0
304,442,0
304,457,0
304,33,1
304,106,4
304,189,8
304,29,11
304,232,15
304,334,18
304,336,22
304,36,25
304,442,29
304,182,32
304,319,36
304,231,39
304,38,43
304,368,46
305,29,1
305,33,1
305,106,1
305,189,1
305,106,4
305,189,8
305,29,11
305,232,15
305,334,18
305,336,22
305,36,25
305,442,29
305,182,34
305,319,40
305,231,45
305,38,51
305,368,56
306,29,1
306,33,1
306,106,1
306,189,1
306,106,4
306,189,8
306,29,11
306,232,15
306,334,18
306,336,22
306,36,25
306,442,29
306,182,34
306,319,40
306,231,48
306,38,57
306,368,65
307,7,0
307,8,0
307,9,0
307,193,0
307,223,0
307,226,0
307,252,0
307,384,0
307,385,0
307,418,0
307,427,0
307,117,1
307,96,4
307,93,8
307,197,11
307,237,15
307,170,18
307,364,22
307,347,25
307,395,29
307,136,32
307,244,36
307,379,39
307,179,43
307,105,46
308,7,1
308,8,1
308,9,1
308,93,1
308,96,1
308,117,1
308,197,1
308,96,4
308,93,8
308,197,11
308,237,15
308,170,18
308,364,22
308,347,25
308,395,29
308,136,32
308,244,36
308,379,42
308,179,49
308,105,55
309,29,0
309,129,0
309,174,0
309,242,0
309,253,0
309,422,0
309,423,0
309,424,0
309,435,0
309,33,1
309,86,4
309,43,9
309,336,12
309,98,17
309,209,20
309,316,25
309,44,28
309,422,33
309,336,36
309,435,41
309,268,44
309,87,49
310,33,1
310,43,1
310,86,1
310,336,1
310,424,1
310,86,4
310,43,9
310,336,12
310,98,17
310,209,20
310,316,25
310,44,30
310,422,37
310,336,42
310,435,49
310,268,54
310,87,61
311,47,0
311,164,0
311,186,0
311,273,0
311,435,0
311,45,1
311,86,3
311,98,7
311,209,15
311,227,17
311,313,21
311,383,24
311,129,29
311,313,31
311,268,35
311,87,38
311,226,42
311,97,44
311,387,48
311,417,51
312,47,0
312,164,0
312,186,0
312,273,0
312,435,0
312,45,1
312,86,3
312,98,7
312,209,15
312,227,17
312,204,21
312,383,24
312,129,29
312,313,31
312,268,35
312,87,38
312,226,42
312,97,44
312,417,51
313,226,0
313,227,0
313,318,0
313,405,0
313,33,1
313,148,1
313,104,5
313,109,9
313,236,13
313,98,17
313,324,25
313,182,29
313,428,37
313,405,41
313,38,45
314,74,0
314,226,0
314,227,0
314,318,0
314,405,0
314,33,1
314,230,5
314,204,9
314,236,13
314,98,17
314,273,21
314,227,25
314,260,29
314,428,37
314,405,41
315,42,0
315,75,0
315,79,0
315,170,0
315,178,0
315,191,0
315,235,0
315,437,0
315,71,1
315,74,4
315,40,7
315,78,10
315,72,13
315,73,16
315,345,19
315,202,25
315,390,28
315,230,31
315,275,34
315,92,37
315,80,40
315,312,43
315,235,46
316,123,0
316,138,0
316,151,0
316,174,0
316,194,0
316,220,0
316,1,1
316,281,6
316,139,9
316,124,14
316,133,17
316,227,23
316,92,28
316,188,39
316,380,44
316,378,49
316,441,54
317,1,1
317,124,1
317,139,1
317,281,1
317,281,6
317,139,9
317,124,14
317,133,17
317,227,23
317,34,26
317,92,30
317,188,45
317,380,52
317,378,59
317,441,66
318,37,0
318,38,0
318,56,0
318,246,0
318,43,1
318,44,1
318,99,6
318,116,8
318,184,11
318,423,16
318,103,18
318,207,21
318,372,26
318,242,28
318,453,31
318,97,36
318,36,38
319,43,1
319,44,1
319,99,1
319,116,1
319,364,1
319,99,6
319,116,8
319,184,11
319,423,16
319,103,18
319,207,21
319,372,26
319,242,28
319,163,30
319,453,34
319,269,40
319,97,45
319,130,50
319,400,56
320,34,0
320,37,0
320,38,0
320,90,0
320,111,0
320,173,0
320,174,0
320,207,0
320,214,0
320,321,0
320,392,0
320,150,1
320,45,4
320,55,7
320,205,11
320,250,14
320,310,17
320,352,21
320,54,24
320,156,27
320,362,31
320,323,34
320,133,37
320,291,41
320,340,44
320,56,47
321,45,1
321,55,1
321,150,1
321,205,1
321,45,4
321,55,7
321,205,11
321,250,14
321,310,17
321,352,21
321,54,24
321,156,27
321,362,31
321,323,34
321,133,37
321,291,46
321,340,54
321,56,62
322,23,0
322,34,0
322,111,0
322,184,0
322,205,0
322,246,0
322,257,0
322,281,0
322,336,0
322,426,0
322,33,1
322,45,1
322,52,5
322,222,11
322,116,15
322,36,21
322,133,25
322,436,31
322,414,35
322,89,41
322,53,45
322,38,51
323,33,1
323,45,1
323,52,1
323,222,1
323,52,5
323,222,11
323,116,15
323,36,21
323,133,25
323,436,31
323,157,33
323,414,39
323,89,49
323,284,57
323,90,67
324,89,0
324,90,0
324,130,0
324,203,0
324,214,0
324,281,0
324,284,0
324,52,1
324,123,4
324,110,7
324,174,12
324,83,17
324,108,20
324,229,23
324,53,28
324,34,33
324,182,36
324,436,39
324,334,44
324,133,49
324,175,52
324,257,55
325,133,0
325,164,0
325,243,0
325,248,0
325,326,0
325,428,0
325,150,1
325,149,7
325,316,10
325,60,14
325,244,15
325,109,18
325,277,21
325,428,26
325,156,29
325,173,29
325,371,34
325,94,41
325,408,46
325,340,48
326,60,1
326,149,1
326,150,1
326,316,1
326,149,7
326,316,10
326,60,14
326,244,15
326,109,18
326,277,21
326,428,26
326,156,29
326,173,29
326,371,37
326,94,47
326,408,55
326,340,60
327,50,0
327,157,0
327,226,0
327,227,0
327,252,0
327,265,0
327,273,0
327,427,0
327,33,1
327,253,5
327,383,10
327,185,14
327,60,19
327,95,23
327,146,28
327,389,32
327,298,37
327,244,41
327,38,46
327,175,50
327,37,55
328,16,0
328,98,0
328,116,0
328,175,0
328,210,0
328,341,0
328,44,1
328,28,9
328,185,17
328,328,25
328,242,33
328,91,41
328,201,49
328,63,57
328,414,65
328,89,73
328,364,81
328,90,89
329,28,1
329,49,1
329,185,1
329,328,1
329,28,9
329,185,17
329,328,25
329,48,33
329,225,35
329,103,41
329,201,49
329,63,57
330,28,1
330,49,1
330,185,1
330,328,1
330,28,9
330,185,17
330,328,25
330,48,33
330,225,35
330,103,41
330,337,45
330,201,49
330,63,57
331,51,0
331,67,0
331,68,0
331,223,0
331,265,0
331,298,0
331,345,0
331,402,0
331,417,0
331,40,1
331,43,1
331,71,5
331,74,9
331,73,13
331,28,17
331,42,21
331,275,25
331,185,29
331,191,33
331,389,37
331,371,41
331,302,45
331,178,49
331,201,53
331,194,57
332,40,1
332,43,1
332,71,1
332,74,1
332,279,1
332,71,5
332,74,9
332,73,13
332,28,17
332,42,21
332,275,25
332,185,29
332,191,35
332,389,41
332,371,47
332,302,53
332,178,59
332,201,65
332,194,71
333,97,0
333,99,0
333,114,0
333,228,0
333,297,0
333,384,0
333,407,0
333,45,1
333,64,1
333,310,5
333,47,9
333,31,13
333,219,18
333,54,23
333,36,28
333,287,40
333,406,45
333,195,50
334,45,1
334,47,1
334,64,1
334,310,1
334,310,5
334,47,9
334,31,13
334,219,18
334,54,23
334,36,28
334,225,35
334,349,39
334,287,46
334,406,54
334,195,62
334,143,70
335,13,0
335,24,0
335,50,0
335,68,0
335,154,0
335,174,0
335,175,0
335,232,0
335,400,0
335,458,0
335,10,1
335,43,1
335,98,5
335,14,9
335,210,14
335,163,18
335,228,22
335,306,31
335,269,35
335,197,40
335,206,44
335,404,48
335,370,53
336,34,0
336,184,0
336,372,0
336,400,0
336,35,1
336,122,7
336,44,10
336,342,16
336,103,19
336,137,25
336,242,28
336,305,34
336,207,37
336,114,43
336,400,46
336,398,52
336,378,55
337,33,1
337,93,1
337,106,1
337,88,9
337,95,12
337,397,20
337,149,23
337,322,34
337,377,42
337,94,45
337,248,53
337,153,56
338,33,1
338,93,1
338,106,1
338,88,9
338,83,12
338,397,20
338,149,23
338,322,34
338,377,42
338,157,45
338,76,53
338,153,56
339,36,0
339,37,0
339,56,0
339,175,0
339,209,0
339,250,0
339,349,0
339,189,1
339,300,6
339,346,6
339,55,10
339,426,14
339,133,18
339,352,22
339,222,26
339,156,31
339,173,31
339,401,35
339,89,39
339,248,43
339,90,47
340,189,1
340,300,1
340,321,1
340,346,1
340,428,1
340,300,6
340,346,6
340,55,10
340,426,14
340,133,18
340,352,22
340,222,26
340,156,33
340,173,33
340,401,39
340,89,45
340,248,51
340,90,57
341,34,0
341,232,0
341,246,0
341,276,0
341,282,0
341,283,0
341,300,0
341,349,0
341,145,1
341,106,7
341,11,10
341,43,13
341,61,20
341,182,23
341,282,26
341,269,32
341,400,35
341,152,38
341,14,44
341,242,47
341,12,53
342,11,1
342,43,1
342,106,1
342,145,1
342,106,7
342,11,10
342,43,13
342,61,20
342,182,23
342,282,26
342,129,30
342,269,34
342,400,39
342,152,44
342,14,52
342,242,57
342,12,65
343,93,1
343,106,3
343,229,5
343,189,7
343,60,11
343,317,15
343,120,19
343,246,25
343,379,31
343,201,37
343,322,45
343,414,53
343,377,61
343,153,71
344,93,1
344,100,1
344,106,1
344,229,1
344,106,3
344,229,5
344,189,7
344,60,11
344,317,15
344,120,19
344,246,25
344,379,31
344,63,36
344,201,40
344,322,51
344,414,62
344,377,73
344,153,86
345,105,0
345,112,0
345,157,0
345,174,0
345,243,0
345,321,0
345,378,0
345,132,1
345,310,1
345,51,8
345,275,15
345,109,22
345,133,29
345,380,36
345,246,43
345,412,50
345,378,64
346,51,1
346,132,1
346,275,1
346,310,1
346,51,8
346,275,15
346,109,22
346,133,29
346,246,36
346,380,46
346,412,56
346,378,76
347,14,0
347,28,0
347,103,0
347,157,0
347,174,0
347,229,0
347,282,0
347,440,0
347,10,1
347,106,1
347,300,7
347,55,13
347,232,19
347,182,25
347,246,31
347,210,37
347,163,43
347,350,49
347,306,55
347,404,61
348,10,1
348,55,1
348,106,1
348,300,1
348,300,7
348,55,13
348,232,19
348,182,25
348,246,31
348,210,37
348,163,46
348,350,55
348,306,67
348,404,73
349,54,0
349,95,0
349,109,0
349,113,0
349,114,0
349,225,0
349,243,0
349,300,0
349,321,0
349,150,1
349,33,15
349,175,30
350,35,1
350,55,1
350,346,5
350,287,9
350,352,13
350,239,17
350,105,21
350,445,25
350,401,29
350,240,33
350,56,37
350,204,41
350,219,45
350,392,49
351,50,0
351,133,0
351,244,0
351,248,0
351,381,0
351,466,0
351,33,1
351,52,10
351,55,10
351,181,10
351,240,20
351,241,20
351,258,20
351,311,30
352,50,0
352,105,0
352,146,0
352,252,0
352,277,0
352,417,0
352,10,1
352,39,1
352,122,1
352,168,1
352,310,1
352,20,4
352,185,7
352,154,10
352,364,14
352,60,18
352,425,22
352,163,27
352,103,32
352,164,37
352,389,43
352,421,49
352,246,55
353,50,0
353,109,0
353,193,0
353,194,0
353,228,0
353,310,0
353,371,0
353,425,0
353,282,1
353,103,5
353,101,8
353,174,13
353,425,20
353,261,23
353,185,28
353,247,31
353,389,35
354,101,1
354,103,1
354,174,1
354,282,1
354,101,5
354,103,8
354,174,13
354,425,20
354,261,23
354,185,28
354,247,31
354,389,35
355,185,0
355,194,0
355,220,0
355,466,0
355,43,1
355,101,1
355,50,6
355,193,9
355,310,14
355,109,17
355,425,22
355,228,25
355,174,30
355,261,33
355,212,38
355,371,41
355,248,46
356,7,1
356,8,1
356,9,1
356,20,1
356,43,1
356,50,1
356,101,1
356,356,1
356,50,6
356,193,9
356,310,14
356,109,17
356,425,22
356,228,25
356,174,30
356,261,33
356,325,37
356,212,43
356,371,51
356,248,61
357,13,0
357,21,0
357,29,0
357,73,0
357,174,0
357,235,0
357,267,0
357,348,0
357,349,0
357,437,0
357,16,1
357,43,1
357,74,7
357,75,11
357,23,17
357,230,21
357,19,27
357,345,31
357,34,37
357,235,41
357,403,47
357,76,51
357,437,61
358,50,0
358,95,0
358,138,0
358,174,0
358,248,0
358,273,0
358,35,1
358,45,6
358,310,9
358,93,14
358,253,17
358,36,22
358,281,25
358,149,30
358,38,33
358,215,38
358,219,41
358,326,46
358,361,49
359,38,0
359,164,0
359,174,0
359,185,0
359,212,0
359,224,0
359,226,0
359,277,0
359,372,0
359,382,0
359,386,0
359,389,0
359,428,0
359,10,1
359,364,1
359,43,4
359,269,9
359,98,12
359,13,17
359,228,20
359,14,25
359,44,28
359,104,33
359,163,36
359,248,41
359,389,44
359,197,49
359,400,52
359,382,57
359,427,60
359,195,65
360,150,1
360,204,1
360,227,1
360,68,15
360,194,15
360,219,15
360,243,15
361,50,0
361,117,0
361,191,0
361,205,0
361,311,0
361,43,1
361,181,1
361,104,4
361,44,10
361,196,13
361,29,19
361,182,22
361,423,28
361,242,31
361,420,37
361,258,40
361,59,46
362,43,1
362,44,1
362,104,1
362,181,1
362,104,4
362,44,10
362,196,13
362,29,19
362,182,22
362,423,28
362,242,31
362,58,37
362,258,40
362,59,51
362,329,59
363,90,0
363,157,0
363,174,0
363,281,0
363,324,0
363,346,0
363,392,0
363,45,1
363,55,1
363,111,1
363,181,1
363,227,7
363,301,13
363,34,19
363,62,25
363,258,31
363,156,37
363,173,37
363,59,43
363,329,49
364,45,1
364,55,1
364,181,1
364,227,1
364,227,7
364,301,13
364,34,19
364,62,25
364,258,31
364,207,32
364,156,39
364,173,39
364,59,47
364,329,55
365,45,1
365,55,1
365,181,1
365,227,1
365,242,1
365,227,7
365,301,13
365,34,19
365,62,25
365,258,31
365,207,32
365,156,39
365,173,39
365,423,44
365,59,52
365,329,65
366,34,0
366,48,0
366,109,0
366,112,0
366,287,0
366,300,0
366,330,0
366,392,0
366,55,1
366,128,1
366,250,1
366,334,1
367,250,1
367,44,6
367,103,10
367,352,15
367,184,19
367,423,24
367,362,28
367,226,33
367,291,37
367,242,42
367,401,46
367,56,51
368,250,1
368,93,6
368,97,10
368,352,15
368,133,19
368,392,24
368,445,28
368,226,33
368,291,37
368,94,42
368,401,46
368,56,51
369,130,0
369,133,0
369,157,0
369,173,0
369,189,0
369,214,0
369,222,0
369,330,0
369,346,0
369,401,0
369,33,1
369,106,1
369,55,8
369,317,15
369,281,22
369,36,29
369,300,36
369,246,43
369,38,50
369,291,57
369,156,64
369,56,71
369,457,78
370,48,0
370,150,0
370,300,0
370,346,0
370,392,0
370,445,0
370,453,0
370,33,1
370,204,4
370,55,7
370,97,9
370,36,14
370,381,17
370,204,22
370,186,27
370,352,31
370,392,37
370,445,40
370,175,46
370,219,51
371,37,0
371,56,0
371,82,0
371,239,0
371,349,0
371,407,0
371,421,0
371,424,0
371,99,1
371,44,5
371,43,10
371,29,16
371,116,20
371,52,25
371,225,31
371,428,35
371,184,40
371,242,46
371,337,50
371,38,55
372,29,1
372,43,1
372,44,1
372,99,1
372,44,5
372,43,10
372,29,16
372,116,20
372,52,25
372,182,30
372,225,32
372,428,37
372,184,43
372,242,50
372,337,55
372,38,61
373,29,1
373,43,1
373,44,1
373,99,1
373,422,1
373,424,1
373,44,5
373,43,10
373,29,16
373,116,20
373,52,25
373,182,30
373,225,32
373,428,37
373,184,43
373,19,50
373,242,53
373,337,61
373,38,70
374,36,1
375,36,1
375,93,1
375,232,1
375,393,1
375,93,20
375,232,20
375,184,24
375,228,28
375,418,32
375,94,36
375,334,40
375,97,44
375,309,48
375,428,52
375,63,56
376,36,1
376,93,1
376,232,1
376,393,1
376,93,20
376,232,20
376,184,24
376,228,28
376,418,32
376,94,36
376,334,40
376,97,44
376,359,45
376,309,53
376,428,62
376,63,71
377,23,1
377,153,1
377,88,9
377,174,17
377,276,25
377,246,33
377,334,41
377,451,49
377,199,57
377,192,65
377,444,73
377,359,81
377,63,89
378,23,1
378,153,1
378,196,9
378,174,17
378,276,25
378,246,33
378,133,41
378,451,49
378,199,57
378,192,65
378,58,73
378,359,81
378,63,89
379,23,1
379,153,1
379,232,9
379,174,17
379,276,25
379,246,33
379,133,41
379,334,41
379,451,49
379,199,57
379,192,65
379,430,73
379,442,73
379,359,81
379,63,89
380,149,1
380,273,5
380,219,15
380,225,20
380,346,25
380,287,30
380,296,35
380,428,40
380,105,45
380,375,50
380,204,55
380,361,60
380,94,65
380,406,70
381,149,1
381,377,5
381,219,15
381,225,20
381,182,25
381,287,30
381,295,35
381,428,40
381,105,45
381,375,50
381,349,55
381,94,65
381,406,70
382,352,1
382,184,5
382,34,15
382,330,20
382,392,30
382,58,35
382,246,45
382,323,50
382,347,60
382,401,65
382,329,75
382,38,80
382,56,90
383,341,1
383,184,5
383,436,15
383,359,20
383,156,30
383,89,35
383,246,45
383,284,50
383,339,60
383,414,65
383,90,75
383,76,80
383,126,90
384,239,1
384,184,5
384,242,15
384,304,20
384,156,30
384,403,35
384,246,45
384,200,50
384,349,60
384,19,65
384,245,75
384,63,80
384,406,90
385,93,1
385,273,1
385,156,5
385,129,10
385,94,20
385,287,25
385,156,30
385,428,35
385,38,40
385,356,45
385,361,50
385,248,55
385,322,60
385,387,65
385,353,70
386,35,1
386,43,1
386,101,9
386,100,17
386,282,25
386,228,33
386,94,41
386,375,57
386,428,65
386,322,73
386,105,81
386,354,89
386,63,97
387,34,0
387,37,0
387,38,0
387,74,0
387,133,0
387,276,0
387,321,0
387,328,0
387,388,0
387,402,0
387,33,1
387,110,5
387,71,9
387,75,13
387,174,17
387,44,21
387,72,25
387,73,29
387,235,33
387,242,37
387,202,41
387,437,45
388,33,1
388,110,1
388,110,5
388,71,9
388,75,13
388,174,17
388,44,22
388,72,27
388,73,32
388,235,37
388,242,42
388,202,47
388,437,52
389,33,1
389,71,1
389,75,1
389,110,1
389,452,1
389,110,5
389,71,9
389,75,13
389,174,17
389,44,22
389,72,27
389,89,32
389,73,33
389,235,39
389,242,45
389,202,51
389,437,57
390,7,0
390,9,0
390,24,0
390,68,0
390,116,0
390,227,0
390,252,0
390,257,0
390,299,0
390,10,1
390,43,1
390,52,7
390,269,9
390,154,15
390,172,17
390,417,23
390,259,25
390,263,31
390,83,33
390,303,39
390,53,41
391,10,1
391,43,1
391,52,1
391,52,7
391,269,9
391,183,14
391,154,16
391,172,19
391,364,26
391,259,29
391,370,36
391,83,39
391,303,46
391,394,49
392,10,1
392,43,1
392,52,1
392,269,1
392,52,7
392,269,9
392,183,14
392,154,17
392,172,21
392,364,29
392,386,33
392,370,41
392,83,45
392,347,53
392,394,57
393,48,0
393,56,0
393,97,0
393,173,0
393,175,0
393,189,0
393,281,0
393,297,0
393,300,0
393,392,0
393,458,0
393,1,1
393,45,4
393,145,8
393,346,11
393,64,15
393,61,18
393,117,22
393,31,25
393,362,29
393,250,32
393,54,36
393,65,39
393,56,43
394,33,1
394,45,1
394,45,4
394,145,8
394,346,11
394,64,15
394,232,16
394,61,19
394,117,24
394,31,28
394,362,33
394,250,37
394,54,42
394,65,46
394,56,51
395,33,1
395,45,1
395,145,1
395,45,4
395,145,8
395,14,11
395,64,15
395,232,16
395,61,19
395,207,24
395,31,28
395,362,33
395,453,36
395,250,39
395,54,46
395,65,52
395,56,59
396,28,0
396,31,0
396,38,0
396,193,0
396,228,0
396,297,0
396,310,0
396,33,1
396,45,1
396,98,5
396,17,9
396,104,13
396,283,17
396,16,21
396,332,25
396,36,29
396,97,33
396,413,37
397,33,1
397,45,1
397,98,1
397,98,5
397,17,9
397,104,13
397,283,18
397,16,23
397,332,28
397,36,33
397,97,38
397,413,43
398,17,1
398,33,1
398,45,1
398,98,1
398,98,5
398,17,9
398,104,13
398,283,18
398,16,23
398,332,28
398,36,33
398,370,34
398,97,41
398,413,49
399,38,0
399,98,0
399,111,0
399,154,0
399,205,0
399,316,0
399,346,0
399,401,0
399,33,1
399,45,5
399,111,9
399,205,13
399,29,17
399,158,21
399,281,25
399,133,29
399,36,33
399,162,37
399,276,41
399,174,45
400,33,1
400,45,1
400,45,5
400,111,9
400,205,13
400,55,15
400,29,18
400,158,23
400,281,28
400,133,33
400,36,38
400,162,43
400,276,48
400,174,53
401,45,1
401,117,1
401,450,16
402,45,1
402,117,1
402,210,10
402,141,14
402,47,18
402,116,22
402,163,26
402,404,30
402,103,34
402,269,38
402,400,42
402,405,46
402,195,50
403,36,0
403,98,0
403,336,0
403,400,0
403,422,0
403,423,0
403,424,0
403,33,1
403,43,5
403,268,9
403,209,13
403,44,17
403,336,21
403,207,25
403,422,29
403,242,33
403,184,37
403,435,41
404,33,1
404,43,1
404,43,5
404,268,9
404,209,13
404,44,18
404,336,23
404,207,28
404,422,33
404,242,38
404,184,43
404,435,48
405,33,1
405,43,1
405,268,1
405,43,5
405,268,9
405,209,13
405,44,18
405,336,23
405,207,28
405,422,35
405,242,42
405,184,49
405,435,56
406,42,0
406,75,0
406,79,0
406,170,0
406,178,0
406,191,0
406,235,0
406,326,0
406,437,0
406,71,1
406,74,4
406,346,7
406,78,10
406,72,13
406,388,16
407,40,1
407,72,1
407,230,1
407,311,1
407,345,1
408,21,0
408,23,0
408,37,0
408,38,0
408,43,0
408,174,0
408,242,0
408,359,0
408,29,1
408,43,1
408,116,6
408,228,10
408,36,15
408,184,19
408,372,24
408,246,28
408,428,33
408,103,37
408,457,43
409,29,1
409,43,1
409,116,6
409,228,10
409,36,15
409,184,19
409,372,24
409,246,28
409,283,30
409,428,36
409,103,43
409,457,52
410,29,0
410,34,0
410,38,0
410,68,0
410,90,0
410,103,0
410,116,0
410,174,0
410,184,0
410,350,0
410,33,1
410,182,1
410,269,6
410,319,10
410,36,15
410,334,19
410,207,24
410,246,28
410,203,33
410,368,37
410,442,43
411,33,1
411,182,1
411,269,1
411,319,1
411,269,6
411,319,10
411,36,15
411,334,19
411,207,24
411,246,28
411,203,36
411,368,43
411,442,52
412,182,1
412,33,10
412,450,15
412,237,20
413,33,1
413,182,10
413,450,15
413,237,20
413,93,23
413,75,26
413,74,29
413,60,32
413,445,35
413,175,38
413,204,41
413,94,44
413,437,47
414,33,1
414,182,10
414,450,15
414,237,20
414,93,23
414,16,26
414,77,29
414,60,32
414,293,35
414,318,38
414,403,41
414,94,44
414,405,47
415,16,1
415,230,1
415,450,13
416,16,1
416,230,1
416,40,3
416,109,7
416,210,9
416,455,13
416,228,15
416,154,19
416,408,21
416,456,25
416,92,27
416,163,31
416,445,33
416,454,37
416,207,39
416,194,43
417,44,0
417,111,0
417,175,0
417,205,0
417,260,0
417,313,0
417,45,1
417,117,1
417,98,5
417,204,9
417,209,13
417,203,17
417,129,21
417,186,25
417,435,29
417,162,33
417,387,37
418,3,0
418,29,0
418,154,0
418,163,0
418,189,0
418,210,0
418,226,0
418,316,0
418,45,1
418,49,1
418,346,1
418,98,3
418,55,6
418,228,10
418,129,15
418,453,21
418,97,28
418,250,36
418,13,45
419,45,1
419,49,1
419,98,1
419,346,1
419,423,1
419,98,3
419,55,6
419,228,10
419,129,15
419,453,21
419,242,26
419,97,29
419,250,39
419,13,50
420,75,0
420,230,0
420,267,0
420,311,0
420,312,0
420,321,0
420,33,1
420,74,7
420,73,10
420,345,19
420,241,22
420,388,28
420,36,31
420,76,37
420,381,40
421,33,1
421,74,1
421,74,7
421,73,10
421,345,19
421,241,22
421,80,25
421,388,30
421,36,35
421,76,43
421,381,48
422,68,0
422,90,0
422,124,0
422,133,0
422,174,0
422,243,0
422,281,0
422,189,1
422,300,2
422,106,4
422,352,7
422,426,11
422,237,16
422,240,22
422,34,29
422,330,37
422,105,46
423,106,1
423,189,1
423,300,1
423,352,1
423,300,2
423,106,4
423,352,7
423,426,11
423,237,16
423,240,22
423,34,29
423,330,41
423,105,54
424,10,1
424,28,1
424,39,1
424,310,1
424,28,4
424,310,8
424,226,11
424,321,15
424,154,18
424,129,22
424,103,25
424,97,29
424,458,32
424,371,36
424,417,39
424,387,43
425,34,0
425,50,0
425,95,0
425,114,0
425,194,0
425,311,0
425,107,1
425,132,1
425,310,6
425,16,11
425,116,14
425,371,17
425,466,30
425,226,33
425,247,38
425,153,43
426,16,1
426,107,1
426,132,1
426,310,1
426,310,6
426,16,11
426,116,14
426,371,17
426,466,32
426,226,37
426,247,44
426,153,51
427,7,0
427,8,0
427,9,0
427,67,0
427,175,0
427,186,0
427,204,0
427,227,0
427,252,0
427,313,0
427,327,0
427,458,0
427,1,1
427,111,1
427,150,1
427,193,1
427,203,6
427,218,13
427,98,16
427,26,23
427,226,26
427,97,33
427,146,36
427,204,43
427,340,46
427,361,53
428,1,1
428,111,1
428,150,1
428,193,1
428,243,1
428,277,1
428,203,6
428,216,13
428,98,16
428,26,23
428,226,26
428,97,33
428,146,36
428,204,43
428,340,46
428,361,53
429,45,1
429,149,1
429,310,1
429,345,1
429,381,1
430,17,1
430,114,1
430,228,1
430,310,1
430,207,25
430,417,35
430,400,45
430,399,55
431,28,0
431,39,0
431,44,0
431,98,0
431,175,0
431,313,0
431,372,0
431,252,1
431,10,5
431,45,8
431,95,13
431,185,17
431,154,20
431,204,25
431,445,32
431,163,37
431,389,41
431,204,45
432,10,1
432,45,1
432,252,1
432,10,5
432,45,8
432,95,13
432,185,17
432,154,20
432,204,25
432,445,32
432,163,37
432,207,38
432,34,45
432,204,53
433,50,0
433,95,0
433,105,0
433,138,0
433,174,0
433,248,0
433,273,0
433,35,1
433,45,6
433,310,9
433,93,14
433,253,17
433,387,22
434,38,0
434,43,0
434,114,0
434,123,0
434,184,0
434,228,0
434,242,0
434,310,0
434,386,0
434,10,1
434,116,1
434,139,4
434,103,7
434,154,10
434,108,14
434,364,18
434,163,22
434,92,27
434,400,32
434,153,44
435,10,1
435,116,1
435,139,1
435,139,4
435,103,7
435,154,10
435,108,14
435,364,18
435,163,22
435,92,27
435,400,32
435,53,34
435,153,52
436,33,1
436,93,1
436,95,7
436,109,14
436,326,19
436,334,26
436,219,30
436,360,35
436,248,37
436,185,41
436,371,49
436,377,52
437,33,1
437,93,1
437,95,1
437,240,1
437,241,1
437,95,7
437,109,14
437,326,19
437,334,26
437,219,30
437,360,38
437,248,43
437,185,50
437,371,61
437,377,67
438,29,0
438,106,0
438,111,0
438,120,0
438,205,0
438,328,0
438,313,1
438,383,1
438,175,6
438,67,9
438,88,14
438,102,17
438,185,25
438,317,30
438,157,33
438,21,38
438,389,41
438,38,46
439,95,0
439,102,0
439,109,0
439,204,0
439,244,0
439,248,0
439,252,0
439,298,0
439,358,0
439,361,0
439,417,0
439,93,1
439,112,1
439,321,1
439,383,4
439,96,8
439,227,11
439,3,15
439,102,18
439,113,22
439,115,22
439,60,25
439,164,29
439,278,32
439,94,39
439,226,46
439,219,50
440,68,0
440,118,0
440,164,0
440,215,0
440,217,0
440,312,0
440,356,0
440,387,0
440,426,0
440,1,1
440,204,1
440,383,5
440,287,9
440,186,12
441,48,0
441,97,0
441,101,0
441,227,0
441,417,0
441,64,1
441,45,5
441,47,13
441,31,17
441,269,25
441,102,29
441,355,33
441,253,37
441,297,41
441,304,45
442,108,0
442,194,0
442,220,0
442,425,0
442,109,1
442,174,1
442,228,1
442,425,1
442,185,7
442,95,13
442,138,19
442,466,25
442,389,31
442,417,37
442,399,49
443,34,0
443,37,0
443,38,0
443,184,0
443,200,0
443,225,0
443,232,0
443,239,0
443,328,0
443,341,0
443,442,0
443,33,1
443,28,3
443,82,7
443,201,13
443,36,15
443,328,19
443,163,25
443,337,27
443,91,31
443,407,37
444,28,1
444,33,1
444,28,3
444,82,7
444,201,13
444,36,15
444,328,19
444,163,28
444,337,33
444,91,40
444,407,49
445,28,1
445,33,1
445,82,1
445,201,1
445,424,1
445,28,3
445,82,7
445,201,13
445,36,15
445,328,19
445,163,28
445,337,33
445,91,40
445,242,48
445,407,55
446,38,0
446,68,0
446,122,0
446,164,0
446,174,0
446,204,0
446,228,0
446,428,0
446,33,1
446,118,1
446,316,1
446,111,4
446,133,9
446,122,12
446,278,17
446,103,20
446,34,33
446,371,36
446,205,41
446,387,49
447,44,0
447,67,0
447,97,0
447,136,0
447,170,0
447,197,0
447,238,0
447,242,0
447,299,0
447,327,0
447,334,0
447,410,0
447,418,0
447,98,1
447,193,1
447,203,1
447,68,6
447,395,11
447,364,15
447,179,19
447,103,24
447,383,29
448,98,1
448,193,1
448,197,1
448,232,1
448,399,1
448,68,6
448,395,11
448,364,15
448,198,19
448,319,24
448,382,29
448,14,33
448,396,37
448,370,42
448,406,47
448,245,51
449,34,0
449,174,0
449,279,0
449,303,0
449,328,0
449,28,1
449,33,1
449,44,7
449,281,13
449,36,19
449,91,19
449,328,25
449,242,31
449,89,37
449,38,44
449,90,50
450,28,1
450,33,1
450,44,1
450,281,1
450,422,1
450,423,1
450,424,1
450,44,7
450,281,13
450,36,19
450,91,19
450,328,25
450,242,31
450,89,40
450,38,50
450,90,60
451,28,0
451,97,0
451,103,0
451,109,0
451,163,0
451,185,0
451,228,0
451,400,0
451,40,1
451,43,1
451,44,1
451,282,6
451,42,12
451,367,17
451,184,23
451,390,28
451,450,34
451,305,39
451,242,45
451,440,50
452,40,1
452,43,1
452,44,1
452,282,1
452,422,1
452,423,1
452,424,1
452,282,6
452,42,12
452,367,17
452,184,23
452,390,28
452,450,34
452,305,39
452,242,49
452,440,58
453,29,0
453,68,0
453,96,0
453,223,0
453,238,0
453,252,0
453,265,0
453,358,0
453,364,0
453,382,0
453,410,0
453,418,0
453,310,1
453,189,3
453,40,8
453,269,10
453,228,15
453,185,17
453,279,22
453,207,24
453,426,29
453,389,31
453,417,36
453,398,38
453,188,43
453,260,45
454,40,1
454,189,1
454,310,1
454,189,3
454,40,8
454,269,10
454,228,15
454,185,17
454,279,22
454,207,24
454,426,29
454,389,31
454,417,36
454,398,41
454,188,49
454,260,54
455,21,0
455,73,0
455,75,0
455,78,0
455,79,0
455,235,0
455,345,0
455,388,0
455,20,1
455,74,1
455,44,7
455,22,11
455,230,17
455,275,21
455,185,27
455,242,37
455,378,41
455,438,47
456,60,0
456,97,0
456,150,0
456,175,0
456,186,0
456,204,0
456,321,0
456,401,0
456,1,1
456,55,6
456,204,10
456,240,13
456,16,17
456,352,22
456,445,26
456,219,29
456,392,33
456,250,38
456,369,42
456,340,45
456,318,49
457,1,1
457,55,1
457,204,1
457,55,6
457,204,10
457,240,13
457,16,17
457,352,22
457,445,26
457,219,29
457,392,35
457,250,42
457,369,48
457,340,53
457,318,59
458,21,0
458,56,0
458,114,0
458,150,0
458,157,0
458,239,0
458,243,0
458,300,0
458,324,0
458,346,0
458,33,1
458,145,1
458,48,4
458,61,10
458,29,13
458,97,19
458,17,22
458,352,28
458,36,31
458,109,37
458,340,40
458,392,46
458,56,49
459,23,0
459,38,0
459,54,0
459,73,0
459,74,0
459,130,0
459,345,0
459,402,0
459,43,1
459,181,1
459,75,5
459,196,9
459,207,17
459,54,21
459,420,26
459,275,31
459,452,36
459,59,41
459,329,46
460,8,1
460,43,1
460,75,1
460,181,1
460,196,1
460,75,5
460,196,9
460,207,17
460,54,21
460,420,26
460,275,31
460,452,36
460,59,47
460,329,58
461,10,1
461,43,1
461,98,1
461,269,1
461,279,1
461,372,1
461,98,8
461,103,10
461,185,14
461,154,21
461,417,24
461,196,28
461,400,35
461,371,38
461,232,42
461,399,49
462,33,1
462,48,1
462,84,1
462,112,1
462,243,1
462,319,1
462,84,6
462,48,11
462,49,14
462,86,17
462,209,22
462,199,27
462,443,30
462,103,34
462,435,40
462,429,46
462,393,50
462,360,54
462,192,60
463,122,1
463,48,5
463,111,9
463,282,13
463,35,17
463,23,21
463,50,25
463,21,29
463,205,33
463,382,37
463,287,41
463,103,45
463,438,49
463,378,53
463,360,57
464,23,1
464,30,1
464,31,1
464,39,1
464,398,1
464,23,9
464,31,13
464,184,21
464,350,25
464,36,33
464,32,37
464,359,42
464,444,45
464,89,49
464,224,57
464,439,61
465,132,1
465,275,1
465,79,5
465,71,8
465,74,12
465,77,15
465,22,19
465,20,22
465,72,26
465,78,29
465,246,33
465,282,36
465,21,43
465,321,47
465,378,50
465,438,54
466,7,1
466,43,1
466,67,1
466,84,1
466,98,1
466,84,7
466,67,10
466,129,16
466,351,19
466,113,25
466,9,28
466,435,37
466,85,43
466,103,52
466,87,58
466,416,67
467,9,1
467,43,1
467,52,1
467,108,1
467,123,1
467,52,7
467,108,10
467,185,16
467,83,19
467,109,25
467,7,28
467,436,37
467,53,43
467,241,52
467,126,58
467,63,67
468,143,1
468,245,1
468,396,1
468,403,1
469,33,1
469,98,1
469,104,1
469,193,1
469,400,1
469,450,1
469,98,6
469,104,11
469,49,14
469,197,17
469,48,22
469,253,27
469,228,30
469,246,33
469,364,38
469,163,43
469,103,46
469,369,49
469,403,54
469,405,57
470,33,1
470,39,1
470,28,8
470,75,15
470,98,22
470,235,29
470,345,36
470,202,43
470,387,50
470,241,64
470,348,71
470,14,78
471,33,1
471,39,1
471,28,8
471,196,15
471,98,22
471,44,29
471,420,36
471,423,43
471,387,50
471,243,57
471,258,64
471,59,71
471,112,78
472,28,1
472,106,1
472,282,1
472,398,1
472,422,1
472,423,1
472,424,1
472,28,5
472,106,9
472,282,12
472,98,16
472,210,20
472,185,23
472,103,27
472,400,31
472,14,34
472,369,38
472,404,42
472,12,45
473,64,1
473,181,1
473,246,1
473,300,1
473,316,1
473,300,4
473,181,8
473,189,13
473,203,16
473,426,20
473,258,25
473,423,28
473,36,32
473,458,33
473,89,40
473,54,48
473,59,56
473,184,65
474,33,1
474,160,1
474,176,1
474,417,1
474,433,1
474,60,7
474,97,12
474,105,18
474,393,23
474,324,29
474,435,40
474,199,45
474,161,51
474,277,56
474,192,62
474,63,67
475,43,1
475,93,1
475,100,1
475,104,1
475,348,1
475,400,1
475,93,6
475,104,10
475,100,12
475,210,17
475,163,22
475,14,25
475,427,31
475,364,39
475,206,45
475,182,50
475,370,53
476,33,1
476,334,1
476,356,1
476,393,1
476,443,1
476,334,7
476,443,13
476,86,25
476,157,31
476,201,37
476,156,43
476,408,49
476,435,55
476,444,61
476,192,67
476,199,73
476,414,79
477,7,1
477,8,1
477,9,1
477,20,1
477,43,1
477,50,1
477,101,1
477,356,1
477,50,6
477,193,9
477,310,14
477,109,17
477,425,22
477,228,25
477,174,30
477,261,33
477,325,37
477,212,43
477,371,51
477,248,61
478,43,1
478,104,1
478,181,1
478,310,1
478,104,4
478,310,10
478,196,13
478,109,19
478,466,22
478,358,28
478,445,31
478,420,37
478,258,40
478,59,51
478,194,59
479,84,1
479,86,1
479,109,1
479,310,1
479,253,8
479,104,15
479,351,22
479,466,29
479,164,36
479,268,43
479,435,50
480,93,1
480,156,1
480,203,16
480,129,21
480,281,31
480,248,36
480,133,46
480,326,51
480,175,61
481,93,1
481,156,1
481,182,16
481,129,21
481,381,31
481,248,36
481,204,46
481,326,51
481,383,61
481,361,76
482,93,1
482,156,1
482,197,16
482,129,21
482,253,31
482,248,36
482,417,46
482,326,51
482,387,61
482,153,76
483,184,1
483,225,1
483,232,6
483,246,10
483,163,15
483,408,19
483,368,24
483,337,28
483,414,33
483,396,37
483,430,42
483,459,46
484,184,1
484,225,1
484,352,6
484,246,10
484,163,15
484,408,19
484,401,24
484,337,28
484,414,33
484,396,37
484,56,42
484,460,46
485,246,1
485,43,9
485,424,17
485,319,25
485,242,33
485,184,41
485,436,49
485,83,57
485,442,65
485,414,73
485,257,81
485,444,88
485,463,96
486,7,1
486,8,1
486,9,1
486,109,1
486,146,1
486,193,1
486,282,1
486,279,25
486,428,50
486,462,75
486,416,100
487,184,1
487,225,1
487,466,6
487,246,10
487,163,15
487,425,19
487,194,24
487,337,28
487,414,33
487,396,37
487,421,42
487,467,46
488,93,1
488,104,1
488,219,11
488,54,20
488,62,29
488,248,38
488,163,47
488,236,57
488,427,66
488,375,75
488,461,84
488,94,93
489,145,1
489,346,1
489,204,9
489,48,16
489,61,24
489,151,31
489,250,39
489,352,46
489,392,54
489,291,61
489,240,69
490,145,1
490,346,1
490,204,9
490,48,16
490,61,24
490,151,31
490,250,39
490,352,46
490,392,54
490,291,61
490,240,69
490,391,76
491,50,1
491,466,1
491,98,11
491,95,20
491,185,29
491,171,38
491,104,47
491,114,57
491,464,66
491,417,75
491,138,84
491,399,93
492,74,1
492,345,10
492,73,19
492,235,28
492,230,37
492,388,55
492,312,64
492,412,73
492,186,82
492,361,91
492,465,100
493,69,1
493,322,1
493,386,1
493,356,10
493,414,20
493,304,30
493,245,40
493,287,50
493,248,60
493,105,70
493,63,80
493,195,90
493,449,100
494,68,0
494,197,0
494,326,0
494,389,0
494,399,0
494,445,0
494,10,1
494,43,1
494,228,5
494,313,9
494,154,13
494,185,17
494,184,21
494,269,25
494,371,29
494,259,33
494,97,37
494,386,45
494,417,49
494,539,57
495,10,1
495,43,1
495,228,1
495,369,1
495,468,1
495,228,5
495,468,9
495,154,13
495,185,17
495,184,21
495,269,25
495,371,29
495,400,30
495,259,34
495,97,39
495,386,49
495,417,54
495,539,64
496,51,0
496,114,0
496,151,0
496,203,0
496,257,0
496,445,0
496,52,1
496,310,1
496,107,3
496,123,5
496,83,7
496,109,10
496,101,13
496,261,16
496,506,28
496,517,38
496,174,43
496,247,49
496,220,55
496,315,61
497,52,1
497,107,1
497,123,1
497,310,1
497,107,3
497,123,5
497,83,7
497,109,10
497,101,13
497,261,16
497,506,28
497,517,38
497,174,45
497,247,53
497,220,61
497,315,69
498,109,1
498,123,1
498,83,1
499,13,0
499,68,0
499,106,0
499,116,0
499,179,0
499,203,0
499,231,0
499,283,0
499,400,0
499,406,0
499,434,0
499,10,1
499,43,4
499,372,7
499,82,10
499,530,13
499,184,16
499,163,20
499,206,24
499,337,28
499,349,32
499,269,36
499,406,41
499,14,46
499,12,51
499,200,56
499,416,61
500,434,0
500,10,1
500,43,1
500,82,1
500,372,1
500,43,4
500,372,7
500,82,10
500,530,13
500,184,16
500,163,20
500,206,24
500,337,28
500,349,32
500,269,36
500,406,42
500,14,48
500,12,54
500,200,60
500,416,66
501,434,0
501,10,1
501,43,1
501,82,1
501,372,1
501,43,4
501,372,7
501,82,10
501,530,13
501,184,16
501,163,20
501,206,24
501,337,28
501,349,32
501,269,36
501,406,42
501,14,50
501,12,58
501,200,66
501,416,74
502,103,0
502,310,0
502,372,0
502,399,0
502,414,0
502,422,0
502,423,0
502,424,0
502,434,0
502,457,0
502,458,0
502,33,1
502,82,1
502,116,4
502,44,9
502,29,12
502,225,17
502,242,25
502,21,28
502,406,32
502,526,38
502,407,42
502,34,48
502,184,52
502,304,58
502,200,62
503,434,0
503,44,1
503,82,1
503,116,1
503,458,1
503,116,4
503,44,9
503,29,12
503,225,17
503,242,25
503,21,28
503,406,32
503,526,38
503,407,42
503,34,48
503,184,55
503,304,64
503,200,71
504,434,0
504,44,1
504,82,1
504,116,1
504,161,1
504,116,4
504,44,9
504,29,12
504,225,17
504,242,25
504,21,28
504,406,32
504,526,38
504,407,42
504,34,48
504,184,55
504,304,68
504,200,79
10001,35,1
10001,43,1
10001,101,9
10001,100,17
10001,269,25
10001,228,33
10001,94,41
10001,276,49
10001,375,57
10001,428,65
10001,322,73
10001,192,81
10001,354,89
10001,63,97
10002,35,1
10002,43,1
10002,101,9
10002,100,17
10002,282,25
10002,191,33
10002,94,41
10002,375,57
10002,428,65
10002,133,73
10002,334,73
10002,105,81
10002,354,89
10002,68,97
10002,243,97
10003,35,1
10003,43,1
10003,101,9
10003,104,17
10003,282,25
10003,228,33
10003,94,41
10003,129,49
10003,375,57
10003,428,65
10003,97,73
10003,105,81
10003,354,89
10003,245,97
10004,33,1
10004,182,10
10004,450,15
10004,237,20
10004,93,23
10004,350,26
10004,106,29
10004,60,32
10004,445,35
10004,175,38
10004,204,41
10004,94,44
10004,90,47
10005,33,1
10005,182,10
10005,450,15
10005,237,20
10005,93,23
10005,429,26
10005,319,29
10005,60,32
10005,445,35
10005,175,38
10005,204,41
10005,94,44
10005,442,47
10006,74,1
10006,345,10
10006,73,19
10006,98,28
10006,230,37
10006,388,55
10006,403,64
10006,412,73
10006,186,82
10006,437,91
10006,465,100
10007,184,1
10007,225,1
10007,466,6
10007,246,10
10007,163,15
10007,425,19
10007,194,24
10007,337,28
10007,414,33
10007,396,37
10007,421,42
10007,467,46
10008,84,1
10008,86,1
10008,109,1
10008,310,1
10008,253,8
10008,104,15
10008,351,22
10008,466,29
10008,164,36
10008,268,43
10008,435,50
10009,84,1
10009,86,1
10009,109,1
10009,310,1
10009,253,8
10009,104,15
10009,351,22
10009,466,29
10009,164,36
10009,268,43
10009,435,50
10010,84,1
10010,86,1
10010,109,1
10010,310,1
10010,253,8
10010,104,15
10010,351,22
10010,466,29
10010,164,36
10010,268,43
10010,435,50
10011,84,1
10011,86,1
10011,109,1
10011,310,1
10011,253,8
10011,104,15
10011,351,22
10011,466,29
10011,164,36
10011,268,43
10011,435,50
10012,84,1
10012,86,1
10012,109,1
10012,310,1
10012,253,8
10012,104,15
10012,351,22
10012,466,29
10012,164,36
10012,268,43
10012,435,50
10013,50,0
10013,133,0
10013,244,0
10013,248,0
10013,381,0
10013,466,0
10013,33,1
10013,52,10
10013,55,10
10013,181,10
10013,240,20
10013,241,20
10013,258,20
10013,311,30
10014,50,0
10014,133,0
10014,244,0
10014,248,0
10014,381,0
10014,466,0
10014,33,1
10014,52,10
10014,55,10
10014,181,10
10014,240,20
10014,241,20
10014,258,20
10014,311,30
10015,50,0
10015,133,0
10015,244,0
10015,248,0
10015,381,0
10015,466,0
10015,33,1
10015,52,10
10015,55,10
10015,181,10
10015,240,20
10015,241,20
10015,258,20
10015,311,30
10016,182,1
10016,33,10
10016,450,15
10016,237,20
10017,182,1
10017,33,10
10017,450,15
10017,237,20
10115,39,1
10115,45,1
10115,125,1
10115,172,1
10115,39,3
10115,125,7
10115,172,11
10115,43,13
10115,506,17
10115,155,21
10115,261,23
10115,708,27
10115,37,33
10115,371,37
10115,372,43
10115,283,49
10115,394,53
10115,198,65
